{"stats":{"minecraft:used":{"minecraft:moss_carpet":1,"minecraft:stone_sword":27,"minecraft:iron_shovel":186,"minecraft:chest":1,"minecraft:shield":3,"minecraft:iron_sword":106,"minecraft:torch":12,"natures_spirit:red_heather":1,"minecraft:lava_bucket":6,"minecraft:iron_axe":22,"biomesoplenty:fir_sapling":11,"minecraft:magma_block":2,"minecraft:furnace":7,"minecraft:egg":2,"minecraft:cooked_beef":30,"minecraft:cooked_mutton":8,"minecraft:water_bucket":28,"minecraft:stone_pickaxe":327,"minecraft:wooden_pickaxe":10,"biomesoplenty:fir_planks":13,"biomesoplenty:fir_boat":13,"minecraft:sand":1,"minecraft:crafting_table":5,"minecraft:campfire":3,"minecraft:iron_pickaxe":156,"travelersbackpack:white_sleeping_bag":5,"minecraft:gravel":1,"minecraft:stone_axe":3,"travelersbackpack:standard":26,"minecraft:cobblestone":18,"minecraft:cooked_porkchop":2,"minecraft:andesite":5,"minecraft:bucket":39},"minecraft:broken":{"minecraft:stone_pickaxe":3,"minecraft:stone_axe":2},"minecraft:dropped":{"biomesoplenty:fir_log":353,"minecraft:spruce_sign":1,"minecraft:iron_ingot":27,"minecraft:bread":16,"minecraft:wheat_seeds":29,"minecraft:cooked_beef":6,"minecraft:cooked_porkchop":1,"biomesoplenty:fir_boat":1,"minecraft:feather":7,"minecraft:cobblestone":32,"minecraft:lantern":1,"minecraft:leather":12,"travelersbackpack:standard":4,"minecraft:stick":25,"minecraft:dirt":14,"minecraft:gray_wool":2,"minecraft:torch":2,"minecraft:sand":200,"minecraft:iron_axe":1,"minecraft:smooth_stone":1,"minecraft:iron_shovel":1,"minecraft:birch_log":2,"minecraft:white_wool":10,"minecraft:bucket":1,"minecraft:spruce_sapling":2,"minecraft:gold_ingot":3,"biomesoplenty:toadstool":1,"minecraft:moss_carpet":4,"minecraft:stone_sword":2,"minecraft:chicken":4,"minecraft:rotten_flesh":1,"minecraft:light_gray_wool":2,"universal_graves:grave_compass":2,"minecraft:shield":1,"biomesoplenty:fir_planks":55,"travelersbackpack:white_sleeping_bag":2,"minecraft:sandstone":27,"minecraft:wooden_pickaxe":1,"minecraft:beef":4,"minecraft:stone_pickaxe":3,"minecraft:bow":1,"minecraft:black_wool":4},"minecraft:picked_up":{"minecraft:charcoal":4,"minecraft:crafting_table":4,"minecraft:chicken":9,"minecraft:flower_pot":1,"minecraft:anvil":1,"minecraft:shield":1,"minecraft:moss_carpet":5,"minecraft:iron_axe":1,"minecraft:iron_shovel":1,"universal_graves:grave_compass":1,"minecraft:smooth_stone":1,"minecraft:bucket":1,"biomesoplenty:fir_planks":3,"minecraft:beef":38,"minecraft:light_gray_wool":2,"minecraft:egg":2,"minecraft:stick":107,"minecraft:raw_iron":126,"minecraft:sandstone":27,"minecraft:torch":13,"minecraft:porkchop":5,"minecraft:prismarine_crystals":3,"minecraft:stone_sword":1,"minecraft:arrow":13,"minecraft:rotten_flesh":1,"minecraft:gold_ingot":9,"minecraft:mutton":15,"minecraft:cod":1,"minecraft:white_wool":11,"minecraft:cobblestone":225,"minecraft:birch_log":2,"minecraft:magma_block":7,"minecraft:feather":12,"minecraft:cooked_beef":23,"minecraft:water_bucket":3,"minecraft:andesite":11,"minecraft:leather":19,"minecraft:smoker":1,"biomesoplenty:fir_sapling":134,"biomesoplenty:fir_log":467,"minecraft:lapis_lazuli":39,"natures_spirit:purple_heather":1,"minecraft:dirt":14,"minecraft:lantern":1,"minecraft:white_banner":1,"minecraft:cooked_mutton":2,"minecraft:bone":10,"minecraft:bow":1,"minecraft:wheat_seeds":29,"biomesoplenty:fir_boat":14,"biomesoplenty:maple_log":38,"minecraft:spruce_wood":4,"minecraft:iron_ingot":8,"minecraft:stone_pickaxe":2,"minecraft:cooked_chicken":4,"minecraft:book":27,"biomesoplenty:toadstool":2,"natures_spirit:red_heather":1,"minecraft:black_candle":8,"minecraft:cooked_porkchop":19,"minecraft:gravel":1,"minecraft:sand":201,"minecraft:spruce_sapling":2,"minecraft:loom":2,"winterly:cryomarble_shard":1,"minecraft:dark_oak_log":1,"travelersbackpack:white_sleeping_bag":7,"travelersbackpack:standard":4,"minecraft:soul_lantern":1,"minecraft:gray_wool":2,"minecraft:spruce_sign":1,"minecraft:emerald":7,"minecraft:bread":5,"minecraft:black_wool":4,"minecraft:coal":111},"minecraft:killed_by":{"minecraft:player":2,"minecraft:creeper":1,"minecraft:skeleton":1},"minecraft:killed":{"minecraft:skeleton":2,"minecraft:chicken":8,"minecraft:wolf":1,"minecraft:pig":5,"minecraft:polar_bear":2,"minecraft:sheep":10,"minecraft:pillager":2,"minecraft:goat":1,"minecraft:zombie":2,"minecraft:cow":23},"minecraft:mined":{"minecraft:purple_candle":1,"minecraft:sea_lantern":1,"minecraft:grass_block":4,"natures_spirit:red_heather":1,"travelersbackpack:white_sleeping_bag":5,"minecraft:magma_block":7,"minecraft:iron_ore":126,"minecraft:andesite":10,"minecraft:anvil":1,"minecraft:bookshelf":9,"minecraft:lantern":1,"minecraft:potted_spruce_sapling":1,"minecraft:black_candle":5,"minecraft:spruce_wood":1,"minecraft:stone":204,"biomesoplenty:maple_log":38,"minecraft:smoker":1,"minecraft:soul_lantern":1,"travelersbackpack:standard":1,"minecraft:crafting_table":3,"minecraft:torch":2,"minecraft:short_grass":4,"minecraft:emerald_ore":5,"oregrowth:ore_growth":2,"minecraft:lectern":1,"minecraft:campfire":1,"minecraft:lapis_ore":7,"minecraft:wall_torch":7,"minecraft:ice":2,"biomesoplenty:fir_log":469,"minecraft:coal_ore":110,"minecraft:loom":2,"minecraft:gravel":1,"minecraft:sand":190,"minecraft:dirt":6,"biomesoplenty:fir_sapling":1,"minecraft:fern":2},"minecraft:crafted":{"minecraft:furnace":7,"minecraft:cooked_mutton":15,"minecraft:iron_boots":1,"minecraft:iron_axe":1,"minecraft:stone_pickaxe":5,"minecraft:chest":1,"minecraft:cooked_beef":16,"biomesoplenty:fir_boat":1,"minecraft:crafting_table":1,"minecraft:wooden_pickaxe":1,"minecraft:iron_helmet":1,"minecraft:iron_sword":2,"minecraft:bucket":1,"minecraft:campfire":3,"minecraft:stone_axe":3,"minecraft:air":0,"biomesoplenty:fir_planks":164,"minecraft:iron_chestplate":1,"minecraft:charcoal":5,"minecraft:shield":2,"minecraft:stick":8,"minecraft:iron_ingot":102,"minecraft:iron_pickaxe":2,"minecraft:gold_ingot":3,"minecraft:stone_sword":1,"minecraft:iron_shovel":1,"minecraft:iron_leggings":1,"minecraft:torch":12},"minecraft:custom":{"minecraft:mob_kills":56,"minecraft:interact_with_crafting_table":36,"minecraft:open_barrel":6,"minecraft:interact_with_campfire":21,"minecraft:leave_game":8,"minecraft:time_since_death":75344,"minecraft:climb_one_cm":13695,"minecraft:sprint_one_cm":404940,"minecraft:walk_one_cm":533907,"minecraft:damage_blocked_by_shield":338,"minecraft:drop":100,"minecraft:play_time":248790,"minecraft:deaths":8,"minecraft:sneak_time":3919,"minecraft:walk_under_water_one_cm":43754,"minecraft:interact_with_lectern":18,"minecraft:boat_one_cm":354431,"minecraft:jump":3570,"minecraft:walk_on_water_one_cm":34626,"minecraft:total_world_time":248790,"minecraft:interact_with_furnace":179,"minecraft:interact_with_loom":1,"minecraft:sleep_in_bed":16,"minecraft:time_since_rest":23279,"minecraft:damage_taken":5318,"minecraft:damage_dealt":6501,"minecraft:swim_one_cm":106083,"minecraft:player_kills":1,"minecraft:fly_one_cm":593585,"minecraft:open_chest":35,"minecraft:crouch_one_cm":3709,"minecraft:interact_with_smoker":1,"minecraft:fall_one_cm":112427}},"DataVersion":3700}