{"stats":{"minecraft:mined":{"minecraft:purple_candle":1,"minecraft:sea_lantern":1,"minecraft:grass_block":4,"natures_spirit:red_heather":1,"travelersbackpack:white_sleeping_bag":5,"minecraft:iron_ore":85,"minecraft:andesite":10,"minecraft:anvil":1,"minecraft:bookshelf":9,"minecraft:lantern":1,"minecraft:potted_spruce_sapling":1,"minecraft:black_candle":5,"minecraft:spruce_wood":1,"minecraft:stone":204,"minecraft:smoker":1,"minecraft:soul_lantern":1,"travelersbackpack:standard":1,"minecraft:crafting_table":2,"minecraft:short_grass":3,"minecraft:emerald_ore":4,"oregrowth:ore_growth":2,"minecraft:lectern":1,"minecraft:campfire":1,"minecraft:lapis_ore":7,"minecraft:wall_torch":6,"biomesoplenty:fir_log":469,"minecraft:coal_ore":72,"minecraft:loom":2,"minecraft:gravel":1,"minecraft:sand":189,"minecraft:dirt":6,"biomesoplenty:fir_sapling":1,"minecraft:fern":2},"minecraft:dropped":{"biomesoplenty:fir_log":330,"minecraft:iron_ingot":27,"minecraft:wheat_seeds":27,"minecraft:cooked_beef":6,"minecraft:cooked_porkchop":1,"biomesoplenty:fir_boat":1,"minecraft:feather":5,"minecraft:cobblestone":32,"minecraft:leather":12,"travelersbackpack:standard":2,"minecraft:stick":25,"minecraft:dirt":14,"minecraft:gray_wool":2,"minecraft:torch":2,"minecraft:sand":200,"minecraft:iron_axe":1,"minecraft:iron_shovel":1,"minecraft:white_wool":10,"minecraft:birch_log":2,"minecraft:bucket":1,"minecraft:spruce_sapling":2,"biomesoplenty:toadstool":1,"minecraft:moss_carpet":1,"minecraft:stone_sword":1,"minecraft:chicken":4,"minecraft:rotten_flesh":1,"minecraft:light_gray_wool":2,"universal_graves:grave_compass":2,"biomesoplenty:fir_planks":4,"travelersbackpack:white_sleeping_bag":2,"minecraft:sandstone":27,"minecraft:wooden_pickaxe":1,"minecraft:beef":4,"minecraft:bow":1,"minecraft:stone_pickaxe":2,"minecraft:black_wool":4},"minecraft:picked_up":{"minecraft:charcoal":2,"minecraft:crafting_table":3,"minecraft:chicken":7,"minecraft:flower_pot":1,"minecraft:anvil":1,"minecraft:moss_carpet":1,"minecraft:iron_axe":1,"minecraft:iron_shovel":1,"universal_graves:grave_compass":1,"minecraft:smooth_stone":1,"minecraft:bucket":1,"biomesoplenty:fir_planks":3,"minecraft:beef":38,"minecraft:light_gray_wool":2,"minecraft:egg":2,"minecraft:stick":107,"minecraft:raw_iron":85,"minecraft:sandstone":27,"minecraft:torch":10,"minecraft:porkchop":5,"minecraft:prismarine_crystals":3,"minecraft:stone_sword":1,"minecraft:arrow":12,"minecraft:rotten_flesh":1,"minecraft:mutton":15,"minecraft:white_wool":11,"minecraft:cobblestone":223,"minecraft:birch_log":2,"minecraft:feather":7,"minecraft:cooked_beef":12,"minecraft:water_bucket":3,"minecraft:andesite":11,"minecraft:leather":19,"minecraft:smoker":1,"biomesoplenty:fir_sapling":134,"biomesoplenty:fir_log":467,"minecraft:lapis_lazuli":39,"natures_spirit:purple_heather":1,"minecraft:dirt":14,"minecraft:lantern":1,"minecraft:white_banner":1,"minecraft:bone":10,"minecraft:bow":1,"minecraft:wheat_seeds":27,"biomesoplenty:fir_boat":7,"minecraft:spruce_wood":4,"minecraft:stone_pickaxe":2,"minecraft:book":27,"biomesoplenty:toadstool":2,"natures_spirit:red_heather":1,"minecraft:black_candle":8,"minecraft:cooked_porkchop":4,"minecraft:gravel":1,"minecraft:sand":200,"minecraft:spruce_sapling":2,"minecraft:loom":2,"minecraft:dark_oak_log":1,"travelersbackpack:white_sleeping_bag":7,"travelersbackpack:standard":4,"minecraft:soul_lantern":1,"minecraft:gray_wool":2,"minecraft:spruce_sign":1,"minecraft:emerald":6,"minecraft:bread":5,"minecraft:black_wool":4,"minecraft:coal":73},"minecraft:custom":{"minecraft:mob_kills":50,"minecraft:interact_with_crafting_table":25,"minecraft:open_barrel":6,"minecraft:leave_game":5,"minecraft:time_since_death":36812,"minecraft:climb_one_cm":13695,"minecraft:sprint_one_cm":306413,"minecraft:walk_one_cm":396992,"minecraft:damage_blocked_by_shield":338,"minecraft:drop":80,"minecraft:play_time":170905,"minecraft:deaths":6,"minecraft:sneak_time":1972,"minecraft:walk_under_water_one_cm":29225,"minecraft:interact_with_lectern":18,"minecraft:boat_one_cm":173307,"minecraft:jump":2583,"minecraft:walk_on_water_one_cm":14477,"minecraft:total_world_time":170905,"minecraft:interact_with_furnace":127,"minecraft:interact_with_loom":1,"minecraft:sleep_in_bed":13,"minecraft:time_since_rest":6123,"minecraft:damage_taken":3840,"minecraft:damage_dealt":5584,"minecraft:player_kills":1,"minecraft:swim_one_cm":19092,"minecraft:fly_one_cm":334463,"minecraft:open_chest":35,"minecraft:crouch_one_cm":3261,"minecraft:interact_with_smoker":1,"minecraft:fall_one_cm":80732},"minecraft:used":{"minecraft:stone_sword":27,"minecraft:iron_shovel":186,"minecraft:chest":1,"minecraft:shield":3,"minecraft:iron_sword":88,"minecraft:torch":9,"natures_spirit:red_heather":1,"minecraft:lava_bucket":4,"biomesoplenty:fir_sapling":11,"minecraft:iron_axe":20,"minecraft:furnace":6,"minecraft:egg":2,"minecraft:cooked_beef":21,"minecraft:cooked_mutton":3,"minecraft:water_bucket":25,"minecraft:stone_pickaxe":327,"minecraft:wooden_pickaxe":10,"biomesoplenty:fir_boat":6,"minecraft:crafting_table":3,"minecraft:iron_pickaxe":64,"travelersbackpack:white_sleeping_bag":5,"minecraft:gravel":1,"minecraft:stone_axe":3,"travelersbackpack:standard":14,"minecraft:cobblestone":18,"minecraft:cooked_porkchop":2,"minecraft:bucket":34,"minecraft:andesite":5},"minecraft:broken":{"minecraft:stone_pickaxe":3,"minecraft:stone_axe":2},"minecraft:killed":{"minecraft:skeleton":2,"minecraft:chicken":5,"minecraft:wolf":1,"minecraft:pig":4,"minecraft:sheep":10,"minecraft:pillager":2,"minecraft:goat":1,"minecraft:zombie":2,"minecraft:cow":23},"minecraft:killed_by":{"minecraft:creeper":1,"minecraft:skeleton":1},"minecraft:crafted":{"minecraft:furnace":6,"minecraft:cooked_mutton":15,"minecraft:iron_boots":1,"minecraft:iron_axe":1,"minecraft:stone_pickaxe":5,"minecraft:chest":1,"minecraft:cooked_beef":16,"biomesoplenty:fir_boat":1,"minecraft:crafting_table":1,"minecraft:wooden_pickaxe":1,"minecraft:iron_helmet":1,"minecraft:iron_sword":1,"minecraft:bucket":1,"minecraft:stone_axe":3,"minecraft:air":0,"biomesoplenty:fir_planks":36,"minecraft:iron_chestplate":1,"minecraft:charcoal":5,"minecraft:shield":2,"minecraft:stick":8,"minecraft:iron_ingot":53,"minecraft:iron_pickaxe":1,"minecraft:stone_sword":1,"minecraft:iron_leggings":1,"minecraft:iron_shovel":1,"minecraft:torch":4}},"DataVersion":3700}