{"stats":{"minecraft:used":{"minecraft:stone_sword":27,"minecraft:iron_shovel":186,"minecraft:chest":1,"minecraft:shield":2,"minecraft:iron_sword":49,"minecraft:torch":8,"natures_spirit:red_heather":1,"biomesoplenty:fir_sapling":11,"minecraft:iron_axe":3,"minecraft:furnace":6,"minecraft:egg":2,"minecraft:cooked_beef":13,"minecraft:water_bucket":18,"minecraft:stone_pickaxe":327,"minecraft:wooden_pickaxe":10,"biomesoplenty:fir_boat":5,"minecraft:crafting_table":3,"minecraft:iron_pickaxe":33,"travelersbackpack:white_sleeping_bag":5,"minecraft:gravel":1,"minecraft:stone_axe":3,"travelersbackpack:standard":5,"minecraft:cobblestone":14,"minecraft:cooked_porkchop":2,"minecraft:andesite":5,"minecraft:bucket":20},"minecraft:broken":{"minecraft:stone_pickaxe":3,"minecraft:stone_axe":2},"minecraft:dropped":{"biomesoplenty:fir_log":266,"minecraft:iron_ingot":27,"minecraft:wheat_seeds":24,"minecraft:cooked_beef":6,"minecraft:cooked_porkchop":1,"biomesoplenty:fir_boat":1,"minecraft:feather":5,"minecraft:cobblestone":32,"minecraft:leather":7,"minecraft:stick":25,"minecraft:dirt":14,"minecraft:gray_wool":2,"minecraft:torch":2,"minecraft:sand":200,"minecraft:iron_axe":1,"minecraft:iron_shovel":1,"minecraft:bucket":1,"minecraft:birch_log":2,"minecraft:white_wool":10,"biomesoplenty:toadstool":1,"minecraft:moss_carpet":1,"minecraft:stone_sword":1,"minecraft:chicken":4,"minecraft:rotten_flesh":1,"minecraft:light_gray_wool":2,"universal_graves:grave_compass":2,"biomesoplenty:fir_planks":4,"travelersbackpack:white_sleeping_bag":2,"minecraft:sandstone":27,"minecraft:wooden_pickaxe":1,"minecraft:stone_pickaxe":2,"minecraft:bow":1,"minecraft:beef":4,"minecraft:black_wool":4},"minecraft:picked_up":{"minecraft:charcoal":2,"minecraft:crafting_table":3,"minecraft:chicken":4,"minecraft:moss_carpet":1,"minecraft:iron_axe":1,"universal_graves:grave_compass":1,"minecraft:iron_shovel":1,"biomesoplenty:fir_planks":3,"minecraft:bucket":1,"minecraft:beef":24,"minecraft:light_gray_wool":2,"minecraft:egg":2,"minecraft:stick":107,"minecraft:raw_iron":61,"minecraft:sandstone":27,"minecraft:torch":10,"minecraft:porkchop":3,"minecraft:stone_sword":1,"minecraft:arrow":2,"minecraft:rotten_flesh":1,"minecraft:mutton":15,"minecraft:white_wool":11,"minecraft:cobblestone":212,"minecraft:birch_log":2,"minecraft:feather":5,"minecraft:cooked_beef":12,"minecraft:water_bucket":3,"minecraft:andesite":11,"minecraft:leather":13,"biomesoplenty:fir_sapling":134,"biomesoplenty:fir_log":467,"minecraft:lapis_lazuli":39,"natures_spirit:purple_heather":1,"minecraft:dirt":14,"minecraft:bone":4,"minecraft:bow":1,"minecraft:wheat_seeds":24,"biomesoplenty:fir_boat":6,"minecraft:spruce_wood":4,"minecraft:stone_pickaxe":2,"biomesoplenty:toadstool":2,"natures_spirit:red_heather":1,"minecraft:cooked_porkchop":4,"minecraft:gravel":1,"minecraft:sand":200,"minecraft:dark_oak_log":1,"travelersbackpack:white_sleeping_bag":7,"travelersbackpack:standard":2,"minecraft:gray_wool":2,"minecraft:emerald":4,"minecraft:bread":5,"minecraft:black_wool":4,"minecraft:coal":73},"minecraft:killed_by":{"minecraft:creeper":1,"minecraft:skeleton":1},"minecraft:killed":{"minecraft:chicken":3,"minecraft:wolf":1,"minecraft:pig":3,"minecraft:sheep":10,"minecraft:goat":1,"minecraft:zombie":2,"minecraft:cow":13},"minecraft:mined":{"minecraft:grass_block":4,"natures_spirit:red_heather":1,"travelersbackpack:white_sleeping_bag":5,"minecraft:iron_ore":61,"minecraft:andesite":10,"minecraft:spruce_wood":1,"minecraft:stone":204,"travelersbackpack:standard":1,"minecraft:crafting_table":2,"minecraft:short_grass":3,"minecraft:emerald_ore":4,"oregrowth:ore_growth":2,"minecraft:campfire":1,"minecraft:lapis_ore":7,"minecraft:wall_torch":6,"biomesoplenty:fir_log":469,"minecraft:coal_ore":72,"minecraft:gravel":1,"minecraft:sand":189,"minecraft:dirt":6,"biomesoplenty:fir_sapling":1,"minecraft:fern":2},"minecraft:crafted":{"minecraft:furnace":6,"minecraft:cooked_mutton":15,"minecraft:iron_boots":1,"minecraft:iron_axe":1,"minecraft:stone_pickaxe":5,"minecraft:chest":1,"minecraft:cooked_beef":16,"biomesoplenty:fir_boat":1,"minecraft:crafting_table":1,"minecraft:wooden_pickaxe":1,"minecraft:iron_helmet":1,"minecraft:iron_sword":1,"minecraft:bucket":1,"minecraft:stone_axe":3,"minecraft:air":0,"biomesoplenty:fir_planks":36,"minecraft:iron_chestplate":1,"minecraft:charcoal":5,"minecraft:shield":1,"minecraft:stick":8,"minecraft:iron_ingot":53,"minecraft:iron_pickaxe":1,"minecraft:stone_sword":1,"minecraft:iron_shovel":1,"minecraft:iron_leggings":1,"minecraft:torch":4},"minecraft:custom":{"minecraft:mob_kills":33,"minecraft:interact_with_crafting_table":25,"minecraft:leave_game":4,"minecraft:time_since_death":27461,"minecraft:sprint_one_cm":199292,"minecraft:walk_one_cm":310689,"minecraft:damage_blocked_by_shield":288,"minecraft:drop":73,"minecraft:play_time":127934,"minecraft:deaths":5,"minecraft:sneak_time":1450,"minecraft:walk_under_water_one_cm":27486,"minecraft:boat_one_cm":120861,"minecraft:jump":1729,"minecraft:walk_on_water_one_cm":10076,"minecraft:total_world_time":127934,"minecraft:interact_with_furnace":127,"minecraft:sleep_in_bed":9,"minecraft:time_since_rest":5807,"minecraft:damage_taken":2516,"minecraft:damage_dealt":3728,"minecraft:swim_one_cm":16407,"minecraft:fly_one_cm":194805,"minecraft:open_chest":25,"minecraft:crouch_one_cm":2573,"minecraft:fall_one_cm":53661}},"DataVersion":3700}