{"stats":{"minecraft:dropped":{"biomesoplenty:fir_log":353,"minecraft:spruce_sign":1,"minecraft:iron_ingot":27,"minecraft:bread":16,"minecraft:iron_sword":1,"minecraft:wheat_seeds":29,"minecraft:cooked_beef":6,"legacies_and_legends:wooden_bucket":1,"minecraft:glass_bottle":4,"minecraft:cooked_porkchop":1,"biomesoplenty:fir_boat":1,"minecraft:glow_berries":1,"minecraft:feather":7,"minecraft:cobblestone":36,"minecraft:lantern":1,"minecraft:leather":13,"minecraft:cracked_stone_bricks":2,"travelersbackpack:standard":4,"minecraft:stick":25,"minecraft:dirt":14,"minecraft:red_bed":1,"minecraft:gray_wool":4,"minecraft:torch":2,"minecraft:seagrass":1,"minecraft:sand":200,"minecraft:iron_axe":1,"minecraft:smooth_stone":1,"minecraft:string":2,"minecraft:iron_shovel":1,"minecraft:birch_log":2,"minecraft:white_wool":18,"minecraft:bucket":1,"minecraft:spruce_sapling":2,"minecraft:gold_ingot":3,"minecraft:stone_axe":2,"biomesoplenty:toadstool":1,"minecraft:moss_carpet":4,"minecraft:iron_nugget":1,"minecraft:stone_sword":2,"minecraft:smooth_stone_slab":10,"minecraft:soul_lantern":1,"minecraft:chicken":4,"minecraft:rotten_flesh":12,"minecraft:light_gray_wool":2,"universal_graves:grave_compass":2,"minecraft:smoker":1,"minecraft:shield":1,"biomesoplenty:fir_planks":55,"travelersbackpack:white_sleeping_bag":2,"minecraft:mossy_stone_bricks":2,"minecraft:ladder":2,"minecraft:stone_bricks":19,"minecraft:slime_ball":1,"minecraft:sandstone":27,"minecraft:wooden_pickaxe":1,"minecraft:beef":4,"minecraft:stone_pickaxe":3,"minecraft:bow":3,"minecraft:brick":22,"minecraft:black_wool":4},"minecraft:killed_by":{"minecraft:player":2,"minecraft:creeper":1,"minecraft:skeleton":1},"minecraft:mined":{"natures_spirit:marigold":1,"minecraft:purple_candle":1,"minecraft:sea_lantern":1,"minecraft:cave_vines_plant":1,"minecraft:infested_cobblestone":2,"minecraft:grass_block":4,"minecraft:decorated_pot":10,"natures_spirit:red_heather":1,"biomesoplenty:dried_salt":1,"travelersbackpack:white_sleeping_bag":5,"minecraft:magma_block":8,"minecraft:furnace":3,"minecraft:iron_ore":135,"minecraft:andesite":10,"minecraft:deepslate_lapis_ore":4,"minecraft:anvil":1,"minecraft:bookshelf":9,"minecraft:lantern":1,"minecraft:potted_spruce_sapling":1,"minecraft:black_candle":5,"minecraft:spruce_wood":1,"regions_unexplored:larch_log":59,"minecraft:stone":212,"biomesoplenty:maple_log":38,"minecraft:smoker":4,"minecraft:soul_lantern":2,"travelersbackpack:standard":1,"minecraft:blast_furnace":3,"minecraft:crafting_table":4,"minecraft:torch":8,"minecraft:short_grass":5,"minecraft:emerald_ore":5,"oregrowth:ore_growth":2,"biomesoplenty:fir_planks":1,"biomesoplenty:mahogany_planks":1,"minecraft:lectern":1,"minecraft:campfire":1,"minecraft:tall_grass":1,"minecraft:cobblestone":1,"minecraft:lapis_ore":7,"minecraft:damaged_anvil":1,"minecraft:wall_torch":14,"biomesoplenty:mahogany_log":51,"minecraft:ice":2,"biomesoplenty:fir_log":469,"minecraft:smooth_stone_slab":1,"minecraft:coal_ore":131,"minecraft:loom":2,"minecraft:gravel":1,"minecraft:sand":190,"minecraft:dirt":6,"minecraft:cracked_stone_bricks":1,"biomesoplenty:fir_sapling":1,"minecraft:stone_bricks":3,"minecraft:deepslate":4,"minecraft:fern":2},"minecraft:picked_up":{"minecraft:seagrass":1,"minecraft:charcoal":6,"minecraft:crafting_table":5,"minecraft:ladder":2,"minecraft:chicken":14,"minecraft:flower_pot":1,"minecraft:anvil":1,"minecraft:potion":2,"minecraft:brick":33,"minecraft:shield":1,"minecraft:string":2,"minecraft:red_bed":1,"minecraft:moss_carpet":7,"minecraft:iron_axe":1,"minecraft:smooth_stone_slab":12,"minecraft:iron_shovel":1,"universal_graves:grave_compass":1,"minecraft:cracked_stone_bricks":5,"minecraft:cobbled_deepslate":4,"minecraft:smooth_stone":1,"minecraft:bucket":1,"biomesoplenty:fir_planks":4,"minecraft:beef":41,"regions_unexplored:larch_log":58,"minecraft:iron_nugget":1,"minecraft:iron_pickaxe":1,"minecraft:light_gray_wool":2,"hangglider:hang_glider":1,"minecraft:furnace":3,"minecraft:egg":4,"minecraft:stick":118,"minecraft:raw_iron":135,"minecraft:sandstone":27,"minecraft:torch":34,"minecraft:porkchop":21,"minecraft:prismarine_crystals":3,"minecraft:stone_sword":1,"minecraft:arrow":20,"minecraft:honey_bottle":2,"minecraft:rotten_flesh":25,"minecraft:decorated_pot":24,"biomesoplenty:mahogany_sapling":11,"minecraft:gold_ingot":13,"minecraft:glow_berries":1,"minecraft:mutton":32,"minecraft:cod":1,"minecraft:white_wool":30,"minecraft:cobblestone":239,"minecraft:birch_log":2,"minecraft:magma_block":8,"minecraft:feather":14,"minecraft:cooked_beef":27,"biomesoplenty:dried_salt":1,"minecraft:water_bucket":4,"minecraft:andesite":11,"minecraft:leather":20,"minecraft:smoker":3,"minecraft:potato":3,"biomesoplenty:fir_sapling":134,"biomesoplenty:fir_log":467,"legacies_and_legends:wooden_bucket":1,"minecraft:name_tag":1,"minecraft:golden_boots":1,"minecraft:chainmail_chestplate":2,"travelersbackpack:gold_tier_upgrade":1,"minecraft:gunpowder":2,"minecraft:lapis_lazuli":72,"natures_spirit:purple_heather":1,"minecraft:dirt":14,"minecraft:lantern":1,"minecraft:white_banner":1,"minecraft:cooked_mutton":2,"minecraft:bone":70,"minecraft:stone_bricks":25,"minecraft:bow":3,"minecraft:wheat_seeds":29,"biomesoplenty:fir_boat":19,"minecraft:spruce_wood":4,"biomesoplenty:maple_log":38,"minecraft:iron_ingot":13,"minecraft:stone_pickaxe":2,"minecraft:cooked_chicken":4,"regions_unexplored:larch_sapling":5,"minecraft:mossy_stone_bricks":2,"minecraft:glass_bottle":2,"minecraft:glowstone_dust":1,"biomesoplenty:mahogany_planks":1,"minecraft:iron_sword":1,"minecraft:book":27,"biomesoplenty:toadstool":2,"natures_spirit:red_heather":1,"minecraft:black_candle":8,"minecraft:cooked_porkchop":19,"minecraft:gravel":1,"minecraft:sand":201,"minecraft:spruce_sapling":2,"minecraft:blast_furnace":3,"minecraft:loom":2,"winterly:cryomarble_shard":1,"minecraft:dark_oak_log":1,"travelersbackpack:white_sleeping_bag":7,"travelersbackpack:standard":4,"biomesoplenty:mahogany_log":51,"minecraft:slime_ball":4,"minecraft:stone_axe":1,"minecraft:soul_lantern":2,"minecraft:blue_ice":2,"minecraft:gray_wool":4,"minecraft:spruce_sign":1,"minecraft:bread":5,"minecraft:emerald":11,"minecraft:damaged_anvil":2,"minecraft:black_wool":4,"minecraft:coal":137,"natures_spirit:marigold":1,"minecraft:ender_pearl":1},"minecraft:custom":{"minecraft:interact_with_smithing_table":2,"minecraft:interact_with_anvil":2,"minecraft:mob_kills":101,"minecraft:interact_with_crafting_table":49,"minecraft:open_barrel":6,"minecraft:interact_with_campfire":21,"minecraft:leave_game":9,"minecraft:time_since_death":244983,"minecraft:climb_one_cm":17363,"minecraft:sprint_one_cm":644147,"minecraft:walk_one_cm":747193,"minecraft:damage_blocked_by_shield":608,"minecraft:drop":140,"minecraft:play_time":418429,"minecraft:deaths":8,"minecraft:sneak_time":5557,"minecraft:walk_under_water_one_cm":67697,"minecraft:interact_with_lectern":18,"minecraft:boat_one_cm":885022,"minecraft:jump":5595,"minecraft:interact_with_blast_furnace":11,"minecraft:walk_on_water_one_cm":97291,"minecraft:total_world_time":418429,"minecraft:interact_with_furnace":228,"minecraft:interact_with_loom":1,"minecraft:sleep_in_bed":24,"minecraft:time_since_rest":13276,"minecraft:damage_taken":7320,"minecraft:damage_dealt":12756,"minecraft:swim_one_cm":134233,"minecraft:player_kills":1,"minecraft:fly_one_cm":1108730,"minecraft:open_chest":87,"minecraft:crouch_one_cm":4992,"minecraft:interact_with_smoker":29,"minecraft:fall_one_cm":161305},"minecraft:broken":{"minecraft:stone_pickaxe":3,"minecraft:stone_axe":2},"minecraft:crafted":{"biomesoplenty:mahogany_planks":12,"minecraft:cooked_chicken":4,"minecraft:furnace":7,"minecraft:cooked_mutton":32,"minecraft:iron_boots":1,"minecraft:iron_axe":2,"minecraft:stone_pickaxe":5,"minecraft:chest":1,"minecraft:cooked_beef":34,"minecraft:coal_block":9,"biomesoplenty:fir_boat":2,"minecraft:cooked_porkchop":16,"minecraft:crafting_table":1,"travelersbackpack:standard":1,"minecraft:wooden_pickaxe":1,"minecraft:iron_helmet":1,"minecraft:iron_sword":2,"minecraft:bucket":1,"minecraft:campfire":3,"minecraft:stone_axe":3,"minecraft:air":0,"biomesoplenty:fir_planks":164,"minecraft:iron_chestplate":1,"minecraft:charcoal":31,"minecraft:shield":2,"minecraft:stick":8,"minecraft:iron_ingot":161,"minecraft:iron_pickaxe":4,"minecraft:iron_block":13,"minecraft:stone_sword":1,"minecraft:iron_leggings":1,"minecraft:iron_shovel":1,"minecraft:gold_ingot":6,"minecraft:torch":12,"minecraft:lapis_block":8},"minecraft:killed":{"minecraft:witch":1,"minecraft:spider":1,"minecraft:skeleton":6,"minecraft:chicken":13,"minecraft:drowned":4,"minecraft:wolf":1,"minecraft:pig":12,"minecraft:polar_bear":2,"minecraft:sheep":22,"minecraft:pillager":5,"minecraft:goat":1,"minecraft:zombie":8,"minecraft:enderman":1,"minecraft:cow":24},"minecraft:used":{"biomesoplenty:mahogany_planks":13,"minecraft:moss_carpet":3,"minecraft:stone_sword":27,"minecraft:iron_shovel":186,"minecraft:chest":1,"minecraft:shield":8,"natures_spirit:marigold":1,"minecraft:iron_sword":228,"minecraft:torch":35,"minecraft:honey_bottle":4,"natures_spirit:red_heather":1,"minecraft:lava_bucket":9,"minecraft:iron_axe":30,"biomesoplenty:fir_sapling":11,"minecraft:stone_bricks":3,"minecraft:magma_block":2,"minecraft:furnace":7,"minecraft:egg":2,"minecraft:cooked_beef":31,"minecraft:cobbled_deepslate":3,"minecraft:cooked_mutton":8,"minecraft:water_bucket":29,"minecraft:damaged_anvil":1,"minecraft:stone_pickaxe":327,"minecraft:wooden_pickaxe":10,"biomesoplenty:fir_planks":29,"biomesoplenty:fir_boat":19,"minecraft:cracked_stone_bricks":3,"minecraft:sand":1,"minecraft:crafting_table":5,"minecraft:blast_furnace":1,"minecraft:crossbow":4,"minecraft:campfire":3,"minecraft:smoker":2,"minecraft:bread":9,"minecraft:iron_pickaxe":225,"travelersbackpack:white_sleeping_bag":5,"biomesoplenty:dried_salt":1,"minecraft:gravel":1,"minecraft:stone_axe":3,"minecraft:potion":1,"travelersbackpack:standard":35,"minecraft:cobblestone":18,"minecraft:cooked_porkchop":21,"minecraft:andesite":5,"minecraft:bucket":43,"minecraft:smooth_stone_slab":2}},"DataVersion":3700}