{"stats":{"minecraft:used":{"minecraft:stone_sword":27,"minecraft:iron_sword":11,"minecraft:cooked_chicken":7,"minecraft:torch":32,"minecraft:dirt":16,"minecraft:dark_oak_planks":66,"minecraft:wooden_axe":1,"minecraft:lava_bucket":3,"minecraft:iron_axe":13,"minecraft:iron_boots":1,"minecraft:bow":7,"minecraft:furnace":7,"minecraft:cooked_beef":5,"minecraft:cooked_mutton":3,"minecraft:water_bucket":22,"minecraft:stone_pickaxe":218,"minecraft:wooden_pickaxe":15,"biomesoplenty:fir_planks":3,"biomesoplenty:fir_boat":7,"minecraft:sand":2,"minecraft:crafting_table":7,"minecraft:bread":8,"minecraft:iron_pickaxe":242,"travelersbackpack:white_sleeping_bag":7,"biomesoplenty:toadstool":1,"minecraft:stone_axe":10,"travelersbackpack:standard":4,"minecraft:cobblestone":68,"minecraft:cooked_porkchop":2,"minecraft:andesite":3,"minecraft:bucket":30},"minecraft:broken":{"minecraft:wooden_axe":1},"minecraft:dropped":{"minecraft:water_bucket":1,"minecraft:iron_ingot":31,"minecraft:bread":18,"minecraft:wheat_seeds":274,"minecraft:cooked_beef":2,"minecraft:diamond":2,"biomesoplenty:fir_boat":2,"minecraft:cobblestone":66,"minecraft:leather":8,"natures_spirit:purple_heather":3,"biomesoplenty:fir_sapling":69,"minecraft:stick":19,"minecraft:dirt":28,"minecraft:gray_wool":3,"minecraft:dark_oak_log":23,"minecraft:sand":1,"minecraft:dark_oak_planks":26,"minecraft:smooth_sandstone":2,"minecraft:birch_log":26,"minecraft:white_wool":3,"minecraft:bucket":2,"minecraft:stone_brick_slab":1,"minecraft:gold_ingot":29,"minecraft:gravel":2,"biomesoplenty:toadstool":3,"minecraft:stone_axe":1,"minecraft:moss_carpet":1,"minecraft:stone_sword":1,"minecraft:birch_sapling":9,"minecraft:stripped_dark_oak_log":56,"minecraft:light_gray_wool":3,"minecraft:cooked_mutton":3,"minecraft:poppy":2,"minecraft:tipped_arrow":2,"biomesoplenty:fir_planks":3,"minecraft:spruce_planks":320,"travelersbackpack:white_sleeping_bag":5,"minecraft:andesite":1,"minecraft:mossy_stone_bricks":3,"minecraft:spruce_wood":104,"minecraft:stone_bricks":3,"minecraft:spruce_log":16,"minecraft:sandstone":7,"minecraft:glass":6,"minecraft:bow":3,"minecraft:stone_pickaxe":5,"minecraft:wooden_pickaxe":1,"minecraft:black_wool":3},"minecraft:picked_up":{"minecraft:crafting_table":3,"minecraft:wheat":99,"minecraft:chicken":9,"minecraft:moss_carpet":1,"universal_graves:grave_compass":1,"biomesoplenty:fir_planks":5,"minecraft:bucket":1,"minecraft:spruce_planks":320,"minecraft:beef":5,"minecraft:poppy":2,"minecraft:light_gray_wool":3,"minecraft:birch_sapling":12,"minecraft:furnace":9,"minecraft:tipped_arrow":8,"minecraft:sandstone":16,"minecraft:raw_iron":290,"minecraft:stick":23,"minecraft:torch":22,"minecraft:porkchop":7,"minecraft:arrow":2,"minecraft:mutton":8,"minecraft:white_wool":12,"minecraft:cobblestone":294,"minecraft:birch_log":38,"minecraft:feather":3,"minecraft:cooked_beef":1,"minecraft:water_bucket":1,"minecraft:andesite":6,"minecraft:leather":10,"biomesoplenty:fir_sapling":69,"biomesoplenty:fir_log":134,"minecraft:gunpowder":1,"minecraft:lapis_lazuli":4,"natures_spirit:purple_heather":3,"minecraft:dirt":44,"minecraft:bone":4,"minecraft:stone_bricks":3,"minecraft:bow":3,"minecraft:wheat_seeds":274,"biomesoplenty:fir_boat":7,"minecraft:spruce_wood":271,"minecraft:iron_ingot":31,"minecraft:stone_pickaxe":5,"minecraft:mossy_stone_bricks":3,"biomesoplenty:toadstool":4,"minecraft:stone_brick_slab":1,"minecraft:sand":3,"minecraft:gravel":2,"minecraft:spruce_log":24,"minecraft:dark_oak_log":46,"travelersbackpack:white_sleeping_bag":10,"travelersbackpack:standard":1,"minecraft:diamond":2,"minecraft:gray_wool":4,"minecraft:bread":13,"minecraft:black_wool":3,"minecraft:stripped_dark_oak_log":84,"minecraft:coal":189},"minecraft:killed":{"minecraft:skeleton":3,"minecraft:chicken":6,"sn0wfrogs_capybaras:capybara":2,"minecraft:pig":5,"minecraft:sheep":5,"minecraft:goat":1,"minecraft:zombie":1,"minecraft:cow":2},"minecraft:mined":{"natures_spirit:tall_oat_grass":21,"minecraft:grass_block":14,"travelersbackpack:white_sleeping_bag":8,"minecraft:furnace":9,"biomesoplenty:toadstool":2,"minecraft:iron_ore":138,"minecraft:andesite":6,"minecraft:moss_carpet":1,"minecraft:spruce_wood":1,"minecraft:stone":219,"minecraft:stone_brick_slab":1,"minecraft:crafting_table":4,"minecraft:torch":12,"minecraft:short_grass":11,"oregrowth:ore_growth":10,"biomesoplenty:fir_planks":3,"minecraft:poppy":1,"minecraft:cobblestone":8,"natures_spirit:oat_grass":2,"minecraft:wall_torch":12,"minecraft:wheat":111,"minecraft:spruce_log":1,"biomesoplenty:fir_log":70,"minecraft:coal_ore":59,"minecraft:sand":4,"minecraft:dirt":21,"minecraft:gravel":1,"minecraft:dispenser":1,"minecraft:stone_bricks":3,"minecraft:mossy_stone_bricks":3,"minecraft:fern":4},"minecraft:crafted":{"minecraft:cooked_chicken":7,"minecraft:furnace":4,"minecraft:cooked_mutton":6,"minecraft:glass":49,"travelersbackpack:white_sleeping_bag":3,"minecraft:iron_boots":1,"minecraft:iron_axe":1,"minecraft:stone_pickaxe":1,"minecraft:dark_oak_planks":92,"minecraft:cooked_beef":6,"biomesoplenty:fir_boat":2,"minecraft:cooked_porkchop":5,"minecraft:crafting_table":5,"minecraft:spruce_planks":320,"minecraft:wooden_pickaxe":1,"minecraft:iron_sword":1,"minecraft:smooth_sandstone":2,"minecraft:bucket":2,"minecraft:stone_axe":1,"minecraft:bread":33,"minecraft:air":0,"biomesoplenty:fir_planks":48,"minecraft:charcoal":59,"minecraft:iron_chestplate":1,"minecraft:stick":20,"minecraft:iron_ingot":109,"minecraft:wooden_axe":1,"minecraft:iron_pickaxe":2,"minecraft:stone_sword":1,"minecraft:iron_leggings":1,"minecraft:torch":16,"minecraft:shears":1},"minecraft:custom":{"minecraft:mob_kills":25,"minecraft:interact_with_crafting_table":32,"minecraft:leave_game":1,"minecraft:time_since_death":124711,"minecraft:sprint_one_cm":272342,"minecraft:walk_one_cm":220588,"minecraft:drop":125,"minecraft:damage_dealt_absorbed":20,"minecraft:play_time":124711,"minecraft:sneak_time":3563,"minecraft:walk_under_water_one_cm":12650,"minecraft:boat_one_cm":142646,"minecraft:jump":2099,"minecraft:walk_on_water_one_cm":16221,"minecraft:total_world_time":124711,"minecraft:interact_with_furnace":144,"minecraft:sleep_in_bed":6,"minecraft:time_since_rest":5817,"minecraft:damage_taken":1230,"minecraft:damage_dealt":2390,"minecraft:swim_one_cm":9402,"minecraft:fly_one_cm":305203,"minecraft:open_chest":15,"minecraft:crouch_one_cm":10435,"minecraft:fall_one_cm":49721}},"DataVersion":3700}