{"stats":{"minecraft:used":{"minecraft:moss_carpet":1,"minecraft:stone_sword":27,"minecraft:shield":11,"minecraft:iron_sword":92,"minecraft:cooked_chicken":7,"minecraft:torch":37,"minecraft:dirt":16,"minecraft:dark_oak_planks":66,"minecraft:wooden_axe":1,"minecraft:lava_bucket":4,"minecraft:iron_axe":44,"minecraft:iron_boots":1,"minecraft:bow":37,"minecraft:furnace":7,"minecraft:cooked_beef":5,"minecraft:dark_prismarine_stairs":1,"minecraft:cooked_mutton":3,"minecraft:water_bucket":60,"minecraft:stone_pickaxe":253,"minecraft:wooden_pickaxe":15,"biomesoplenty:fir_planks":3,"biomesoplenty:fir_boat":11,"minecraft:salmon":2,"minecraft:sand":2,"minecraft:crafting_table":7,"minecraft:crossbow":6,"minecraft:iron_pickaxe":276,"minecraft:bread":42,"travelersbackpack:white_sleeping_bag":7,"biomesoplenty:toadstool":1,"minecraft:stone_axe":10,"travelersbackpack:standard":24,"minecraft:cobblestone":80,"minecraft:white_banner":1,"minecraft:cooked_porkchop":7,"minecraft:andesite":3,"minecraft:bucket":69},"minecraft:broken":{"minecraft:stone_pickaxe":1,"minecraft:iron_pickaxe":1,"minecraft:wooden_axe":1,"minecraft:bow":1},"minecraft:dropped":{"minecraft:water_bucket":1,"minecraft:iron_ingot":31,"minecraft:bread":18,"minecraft:wheat_seeds":281,"minecraft:cooked_beef":2,"minecraft:diamond":2,"minecraft:crafting_table":2,"minecraft:cooked_porkchop":4,"biomesoplenty:fir_boat":2,"minecraft:crossbow":1,"minecraft:cobblestone":126,"minecraft:leather":10,"travelersbackpack:standard":1,"natures_spirit:purple_heather":3,"minecraft:coal":1,"biomesoplenty:fir_sapling":69,"minecraft:stick":19,"minecraft:dirt":28,"minecraft:gray_wool":3,"minecraft:dark_oak_log":23,"minecraft:torch":7,"minecraft:mutton":1,"minecraft:pumpkin":2,"minecraft:sand":1,"minecraft:smooth_stone":1,"minecraft:dark_oak_planks":26,"minecraft:smooth_sandstone":2,"minecraft:birch_log":26,"minecraft:white_wool":3,"minecraft:bucket":2,"minecraft:spruce_sapling":1,"minecraft:stone_brick_slab":1,"minecraft:gold_ingot":38,"minecraft:gravel":2,"biomesoplenty:toadstool":3,"minecraft:stone_axe":1,"minecraft:moss_carpet":5,"minecraft:stone_sword":1,"biomesoplenty:yellow_maple_sapling":21,"minecraft:birch_sapling":9,"minecraft:stripped_dark_oak_log":56,"minecraft:rotten_flesh":6,"universal_graves:grave_compass":1,"minecraft:light_gray_wool":4,"winterly:cryomarble_shard":1,"minecraft:cooked_mutton":4,"minecraft:poppy":2,"minecraft:tipped_arrow":2,"biomesoplenty:fir_planks":3,"biomesoplenty:maple_log":38,"travelersbackpack:white_sleeping_bag":5,"minecraft:spruce_planks":320,"minecraft:andesite":1,"minecraft:mossy_stone_bricks":3,"minecraft:spruce_wood":104,"minecraft:slime_ball":3,"minecraft:stone_bricks":3,"minecraft:arrow":1,"minecraft:spruce_log":16,"minecraft:sandstone":7,"minecraft:wooden_pickaxe":1,"minecraft:stone_pickaxe":5,"minecraft:bow":3,"minecraft:glass":6,"minecraft:purple_candle":2,"minecraft:black_wool":3,"minecraft:lectern":1},"minecraft:picked_up":{"minecraft:crafting_table":4,"minecraft:wheat":99,"minecraft:chicken":9,"regions_unexplored:tall_hyacinth_stock":1,"minecraft:moss_carpet":6,"universal_graves:grave_compass":1,"minecraft:cobbled_deepslate":3,"minecraft:smooth_stone":1,"minecraft:bucket":1,"biomesoplenty:fir_planks":56,"minecraft:dark_prismarine_stairs":1,"minecraft:spruce_planks":320,"minecraft:beef":5,"minecraft:poppy":2,"minecraft:light_gray_wool":4,"minecraft:lectern":1,"minecraft:birch_sapling":12,"minecraft:furnace":9,"minecraft:tipped_arrow":8,"minecraft:stick":36,"minecraft:raw_iron":310,"minecraft:sandstone":16,"minecraft:torch":32,"minecraft:porkchop":8,"minecraft:purple_candle":2,"minecraft:arrow":27,"minecraft:rotten_flesh":6,"minecraft:mutton":9,"minecraft:white_wool":12,"minecraft:cobblestone":301,"minecraft:birch_log":38,"minecraft:feather":3,"minecraft:cooked_beef":5,"minecraft:salmon":2,"minecraft:water_bucket":1,"minecraft:andesite":6,"minecraft:leather":12,"biomesoplenty:fir_sapling":69,"biomesoplenty:fir_log":157,"minecraft:gunpowder":1,"minecraft:lapis_lazuli":4,"natures_spirit:purple_heather":3,"minecraft:lantern":1,"minecraft:dirt":44,"minecraft:white_banner":2,"minecraft:cooked_mutton":2,"minecraft:bone":31,"minecraft:stone_bricks":3,"minecraft:bow":5,"minecraft:wheat_seeds":281,"biomesoplenty:fir_boat":12,"minecraft:raw_gold":4,"biomesoplenty:maple_log":38,"minecraft:spruce_wood":271,"minecraft:iron_ingot":31,"minecraft:stone_pickaxe":5,"minecraft:cooked_chicken":1,"minecraft:mossy_stone_bricks":3,"biomesoplenty:toadstool":4,"minecraft:cooked_porkchop":9,"minecraft:pumpkin":2,"minecraft:stone_brick_slab":1,"minecraft:gravel":2,"minecraft:sand":3,"minecraft:spruce_sapling":1,"minecraft:spruce_log":24,"winterly:cryomarble_shard":1,"minecraft:dark_oak_log":46,"travelersbackpack:white_sleeping_bag":10,"travelersbackpack:standard":2,"biomesoplenty:yellow_maple_sapling":21,"minecraft:slime_ball":3,"minecraft:diamond":8,"minecraft:crossbow":1,"minecraft:gray_wool":4,"minecraft:bread":29,"minecraft:emerald":3,"minecraft:black_wool":3,"minecraft:stripped_dark_oak_log":84,"minecraft:coal":190},"minecraft:killed_by":{"minecraft:player":1,"minecraft:creeper":1,"minecraft:skeleton":1},"minecraft:killed":{"minecraft:vindicator":1,"minecraft:skeleton":16,"minecraft:horse":3,"minecraft:chicken":6,"minecraft:silverfish":1,"sn0wfrogs_capybaras:capybara":2,"minecraft:pig":6,"minecraft:bat":1,"minecraft:polar_bear":1,"minecraft:sheep":6,"minecraft:pillager":7,"minecraft:goat":1,"minecraft:zombie":5,"minecraft:player":1,"minecraft:cow":2},"minecraft:mined":{"winterly:raw_cryomarble_shard":1,"minecraft:dark_prismarine_stairs":1,"natures_spirit:tall_oat_grass":21,"minecraft:deepslate_diamond_ore":7,"minecraft:sculk_vein":2,"minecraft:grass_block":14,"travelersbackpack:white_sleeping_bag":9,"minecraft:smooth_stone":1,"minecraft:furnace":9,"biomesoplenty:toadstool":2,"minecraft:iron_ore":158,"minecraft:andesite":6,"minecraft:pumpkin":2,"minecraft:moss_carpet":4,"biomesoplenty:yellow_maple_leaves":1,"minecraft:packed_ice":7,"regions_unexplored:medium_grass":1,"minecraft:spruce_wood":1,"minecraft:stone":220,"regions_unexplored:tall_hyacinth_stock":1,"minecraft:stone_brick_slab":1,"minecraft:crafting_table":4,"minecraft:torch":12,"minecraft:short_grass":16,"oregrowth:ore_growth":21,"biomesoplenty:fir_planks":3,"minecraft:poppy":1,"minecraft:cobblestone":10,"minecraft:deepslate_gold_ore":4,"natures_spirit:oat_grass":2,"minecraft:wall_torch":16,"minecraft:seagrass":1,"minecraft:ice":11,"minecraft:wheat":111,"minecraft:spruce_log":2,"minecraft:white_wall_banner":1,"biomesoplenty:fir_log":70,"minecraft:coal_ore":59,"minecraft:sand":4,"minecraft:gravel":3,"minecraft:dirt":21,"minecraft:stone_bricks":3,"minecraft:dispenser":1,"minecraft:mossy_stone_bricks":3,"minecraft:deepslate":3,"minecraft:fern":4},"minecraft:crafted":{"minecraft:cooked_chicken":7,"minecraft:furnace":4,"minecraft:cooked_mutton":6,"minecraft:glass":49,"travelersbackpack:white_sleeping_bag":3,"minecraft:iron_boots":1,"minecraft:iron_axe":1,"minecraft:stone_pickaxe":1,"minecraft:dark_oak_planks":92,"minecraft:cooked_beef":6,"biomesoplenty:fir_boat":2,"minecraft:cooked_porkchop":5,"minecraft:crafting_table":5,"minecraft:spruce_planks":320,"minecraft:wooden_pickaxe":1,"minecraft:iron_sword":1,"minecraft:smooth_sandstone":2,"minecraft:bucket":3,"minecraft:stone_axe":1,"minecraft:bread":33,"minecraft:air":0,"biomesoplenty:fir_planks":48,"minecraft:iron_chestplate":1,"minecraft:charcoal":59,"minecraft:shield":2,"minecraft:stick":20,"minecraft:iron_ingot":109,"minecraft:iron_pickaxe":2,"minecraft:wooden_axe":1,"minecraft:stone_sword":1,"minecraft:iron_leggings":1,"minecraft:torch":16,"minecraft:shears":1},"minecraft:custom":{"minecraft:interact_with_smithing_table":1,"minecraft:mob_kills":60,"minecraft:interact_with_crafting_table":35,"minecraft:open_barrel":2,"minecraft:leave_game":7,"minecraft:time_since_death":8177,"minecraft:climb_one_cm":8636,"minecraft:sprint_one_cm":554755,"minecraft:walk_one_cm":373124,"minecraft:damage_blocked_by_shield":370,"minecraft:drop":164,"minecraft:damage_dealt_absorbed":20,"minecraft:play_time":240627,"minecraft:deaths":7,"minecraft:sneak_time":7700,"minecraft:walk_under_water_one_cm":51744,"minecraft:boat_one_cm":285450,"minecraft:interact_with_lectern":15,"minecraft:jump":4183,"minecraft:walk_on_water_one_cm":52010,"minecraft:total_world_time":240627,"minecraft:interact_with_furnace":164,"minecraft:sleep_in_bed":14,"minecraft:time_since_rest":8201,"minecraft:damage_taken":4877,"minecraft:damage_dealt":8499,"minecraft:swim_one_cm":135065,"minecraft:player_kills":2,"minecraft:fly_one_cm":734985,"minecraft:open_chest":24,"minecraft:crouch_one_cm":14956,"minecraft:fall_one_cm":111106}},"DataVersion":3700}