{"stats":{"minecraft:dropped":{"biomesoplenty:fir_log":23,"minecraft:iron_sword":2,"minecraft:porkchop":2,"minecraft:lapis_lazuli":3,"minecraft:cooked_beef":2,"legacies_and_legends:wooden_bucket":1,"minecraft:glass_bottle":15,"minecraft:diamond":2,"minecraft:crafting_table":2,"minecraft:cooked_porkchop":4,"minecraft:decorated_pot":19,"minecraft:crossbow":1,"minecraft:leather":30,"minecraft:cracked_stone_bricks":2,"travelersbackpack:standard":1,"biomesoplenty:fir_sapling":69,"minecraft:emerald":1,"minecraft:dirt":28,"minecraft:dark_oak_log":23,"minecraft:mutton":3,"minecraft:seagrass":1,"minecraft:writable_book":1,"minecraft:sand":1,"minecraft:iron_pickaxe":2,"minecraft:dark_oak_planks":26,"minecraft:birch_log":26,"minecraft:white_wool":20,"minecraft:gold_ingot":41,"minecraft:bone":55,"minecraft:gravel":2,"biomesoplenty:toadstool":3,"minecraft:stone_axe":1,"minecraft:sugar_cane":17,"minecraft:iron_nugget":4,"minecraft:birch_sapling":9,"minecraft:stripped_dark_oak_log":56,"minecraft:rotten_flesh":71,"universal_graves:grave_compass":1,"minecraft:cooked_mutton":4,"minecraft:honey_bottle":1,"minecraft:poppy":2,"minecraft:tipped_arrow":2,"travelersbackpack:white_sleeping_bag":5,"minecraft:ladder":4,"minecraft:spruce_wood":104,"minecraft:iron_bars":5,"minecraft:arrow":12,"minecraft:beef":4,"minecraft:glass":6,"minecraft:lectern":1,"minecraft:water_bucket":2,"minecraft:iron_ingot":36,"minecraft:bread":18,"minecraft:wheat_seeds":281,"biomesoplenty:fir_boat":2,"minecraft:feather":3,"minecraft:cobblestone":130,"natures_spirit:purple_heather":3,"minecraft:coal":1,"minecraft:stick":48,"minecraft:gray_wool":3,"minecraft:torch":7,"minecraft:potion":1,"minecraft:dried_kelp":1,"minecraft:pumpkin":2,"minecraft:smooth_stone":1,"minecraft:string":5,"minecraft:smooth_sandstone":2,"minecraft:bucket":2,"minecraft:spruce_sapling":1,"minecraft:stone_brick_slab":1,"minecraft:moss_carpet":5,"minecraft:stone_sword":1,"minecraft:smooth_stone_slab":12,"biomesoplenty:yellow_maple_sapling":21,"minecraft:light_gray_wool":4,"winterly:cryomarble_shard":1,"minecraft:name_tag":1,"minecraft:potato":3,"biomesoplenty:fir_planks":3,"biomesoplenty:maple_log":38,"minecraft:spruce_planks":378,"minecraft:andesite":1,"minecraft:mossy_stone_bricks":5,"minecraft:stone_bricks":19,"minecraft:spruce_log":16,"minecraft:slime_ball":5,"minecraft:sandstone":7,"regions_unexplored:tall_hyacinth_stock":1,"minecraft:purple_candle":2,"minecraft:bow":4,"minecraft:stone_pickaxe":5,"minecraft:wooden_pickaxe":1,"minecraft:black_wool":3,"minecraft:brick":18},"minecraft:killed_by":{"minecraft:creeper":1,"minecraft:zombie":1,"minecraft:player":1,"minecraft:skeleton":1},"minecraft:custom":{"minecraft:interact_with_crafting_table":37,"minecraft:open_barrel":2,"minecraft:leave_game":8,"minecraft:time_since_death":60586,"minecraft:sprint_one_cm":924623,"minecraft:damage_blocked_by_shield":2090,"minecraft:drop":269,"minecraft:play_time":406577,"minecraft:deaths":10,"minecraft:jump":6487,"minecraft:interact_with_brewingstand":1,"minecraft:walk_on_water_one_cm":120173,"minecraft:interact_with_furnace":177,"minecraft:sleep_in_bed":22,"minecraft:damage_dealt":16129,"minecraft:player_kills":2,"minecraft:crouch_one_cm":21834,"minecraft:interact_with_smoker":4,"minecraft:interact_with_smithing_table":3,"minecraft:interact_with_anvil":1,"minecraft:mob_kills":105,"minecraft:interact_with_campfire":6,"minecraft:climb_one_cm":23767,"minecraft:walk_one_cm":558915,"minecraft:damage_dealt_absorbed":20,"minecraft:sneak_time":11166,"minecraft:walk_under_water_one_cm":89014,"minecraft:boat_one_cm":952125,"minecraft:interact_with_lectern":15,"minecraft:interact_with_blast_furnace":3,"minecraft:total_world_time":406577,"minecraft:time_since_rest":11541,"minecraft:damage_taken":7561,"minecraft:swim_one_cm":224200,"minecraft:fly_one_cm":1261821,"minecraft:open_chest":101,"minecraft:fall_one_cm":155180},"minecraft:picked_up":{"minecraft:seagrass":1,"minecraft:wheat":99,"minecraft:potion":5,"minecraft:stone_brick_stairs":7,"minecraft:string":5,"minecraft:smooth_stone_slab":12,"universal_graves:grave_compass":1,"minecraft:deepslate_tiles":2,"minecraft:cobbled_deepslate":3,"minecraft:smooth_stone":1,"biomesoplenty:fir_planks":56,"minecraft:bucket":1,"minecraft:spruce_planks":320,"minecraft:iron_pickaxe":1,"hangglider:hang_glider":1,"minecraft:coal_block":4,"minecraft:iron_boots":1,"minecraft:furnace":9,"minecraft:tipped_arrow":8,"minecraft:stick":52,"minecraft:torch":79,"minecraft:porkchop":9,"minecraft:dried_kelp":1,"minecraft:honey_bottle":1,"minecraft:rotten_flesh":80,"minecraft:iron_block":9,"minecraft:deepslate_brick_stairs":1,"minecraft:iron_bars":5,"minecraft:cobblestone":321,"minecraft:birch_log":38,"minecraft:feather":6,"minecraft:cooked_beef":5,"minecraft:water_bucket":1,"minecraft:andesite":6,"minecraft:smoker":2,"minecraft:potato":3,"biomesoplenty:fir_sapling":69,"biomesoplenty:fir_log":157,"travelersbackpack:gold_tier_upgrade":1,"minecraft:lapis_lazuli":7,"minecraft:lantern":1,"minecraft:dirt":44,"minecraft:bone":39,"minecraft:bow":5,"minecraft:wheat_seeds":282,"biomesoplenty:fir_boat":22,"minecraft:raw_gold":4,"minecraft:mossy_stone_bricks":5,"regions_unexplored:palm_sapling":1,"biomesoplenty:toadstool":4,"minecraft:cooked_porkchop":9,"minecraft:sand":3,"winterly:cryomarble_shard":1,"minecraft:dark_oak_log":46,"travelersbackpack:white_sleeping_bag":10,"minecraft:diamond":16,"minecraft:crossbow":2,"minecraft:emerald":8,"minecraft:bread":33,"natures_spirit:marigold":1,"minecraft:crafting_table":4,"minecraft:chicken":9,"minecraft:ladder":6,"regions_unexplored:tall_hyacinth_stock":1,"minecraft:brick":30,"minecraft:moss_carpet":6,"minecraft:cracked_stone_bricks":2,"minecraft:dark_prismarine_stairs":1,"minecraft:beef":30,"minecraft:poppy":2,"minecraft:light_gray_wool":4,"minecraft:lectern":1,"minecraft:sugar_cane":17,"minecraft:birch_sapling":12,"minecraft:raw_iron":310,"minecraft:sandstone":16,"minecraft:carrot":1,"minecraft:dark_oak_planks":1,"minecraft:purple_candle":2,"minecraft:arrow":66,"minecraft:cooked_cod":1,"minecraft:decorated_pot":38,"minecraft:gold_ingot":1,"minecraft:mutton":11,"minecraft:white_wool":29,"minecraft:salmon":2,"minecraft:leather":36,"minecraft:chainmail_chestplate":1,"minecraft:gunpowder":1,"legacies_and_legends:wooden_bucket":1,"natures_spirit:purple_heather":3,"minecraft:white_banner":2,"minecraft:cooked_mutton":2,"minecraft:stone_bricks":19,"biomesoplenty:maple_log":38,"minecraft:spruce_wood":271,"minecraft:iron_ingot":31,"minecraft:stone_pickaxe":5,"minecraft:cooked_chicken":1,"minecraft:glass_bottle":11,"minecraft:iron_sword":3,"minecraft:book":55,"minecraft:emerald_block":15,"minecraft:pumpkin":2,"minecraft:stone_brick_slab":1,"minecraft:gravel":2,"minecraft:spruce_sapling":1,"minecraft:spruce_log":24,"travelersbackpack:standard":2,"biomesoplenty:yellow_maple_sapling":21,"minecraft:slime_ball":5,"minecraft:gray_wool":4,"minecraft:black_wool":3,"minecraft:stripped_dark_oak_log":84,"minecraft:coal":190},"minecraft:mined":{"minecraft:dark_oak_planks":1,"winterly:raw_cryomarble_shard":1,"minecraft:dark_prismarine_stairs":1,"minecraft:spruce_planks":2,"natures_spirit:tall_oat_grass":21,"regions_unexplored:joshua_beard":1,"minecraft:jungle_slab":1,"minecraft:sculk_vein":2,"minecraft:cave_vines_plant":1,"minecraft:grass_block":14,"minecraft:coal_block":4,"minecraft:smooth_stone":1,"minecraft:tall_seagrass":1,"minecraft:iron_ore":158,"minecraft:moss_carpet":4,"minecraft:pumpkin":2,"minecraft:iron_bars":6,"biomesoplenty:yellow_maple_leaves":1,"minecraft:deepslate_brick_stairs":1,"minecraft:spruce_wood":1,"minecraft:spruce_slab":4,"regions_unexplored:palm_leaves":5,"minecraft:torch":17,"minecraft:jungle_stairs":1,"oregrowth:ore_growth":21,"minecraft:poppy":1,"minecraft:cobblestone":12,"minecraft:sugar_cane":4,"natures_spirit:oat_grass":2,"minecraft:wall_torch":25,"minecraft:seagrass":1,"minecraft:wheat":111,"biomesoplenty:fir_log":70,"minecraft:stone_brick_stairs":7,"minecraft:smooth_stone_slab":11,"minecraft:sand":5,"minecraft:dirt":21,"regions_unexplored:alpha_leaves":6,"minecraft:dispenser":1,"minecraft:deepslate":3,"minecraft:emerald_block":15,"minecraft:deepslate_tiles":2,"natures_spirit:marigold":1,"minecraft:deepslate_diamond_ore":7,"minecraft:ladder":4,"minecraft:decorated_pot":34,"minecraft:jungle_planks":2,"travelersbackpack:white_sleeping_bag":9,"minecraft:furnace":9,"biomesoplenty:toadstool":2,"minecraft:andesite":6,"minecraft:bookshelf":16,"minecraft:packed_ice":7,"regions_unexplored:medium_grass":1,"minecraft:stone":221,"minecraft:oak_slab":1,"regions_unexplored:tall_hyacinth_stock":1,"minecraft:stone_brick_slab":1,"minecraft:crafting_table":4,"minecraft:short_grass":17,"biomesoplenty:fir_planks":3,"minecraft:tall_grass":1,"minecraft:deepslate_gold_ore":4,"minecraft:spruce_stairs":1,"minecraft:ice":11,"minecraft:spruce_log":2,"minecraft:white_wall_banner":1,"minecraft:coal_ore":59,"minecraft:gravel":3,"minecraft:cobweb":4,"minecraft:cracked_stone_bricks":1,"minecraft:stone_bricks":4,"minecraft:mossy_stone_bricks":3,"minecraft:fern":7},"minecraft:broken":{"minecraft:stone_pickaxe":1,"minecraft:wooden_axe":1,"minecraft:bow":1,"minecraft:iron_pickaxe":1},"minecraft:crafted":{"minecraft:cooked_chicken":7,"minecraft:cooked_mutton":6,"minecraft:glass":49,"minecraft:iron_boots":1,"minecraft:cooked_porkchop":5,"minecraft:crafting_table":5,"minecraft:spruce_planks":320,"travelersbackpack:standard":1,"minecraft:wooden_pickaxe":1,"biomesoplenty:fir_planks":48,"minecraft:iron_chestplate":1,"minecraft:charcoal":62,"minecraft:shield":2,"minecraft:stick":20,"minecraft:iron_ingot":110,"minecraft:iron_pickaxe":2,"minecraft:iron_block":8,"minecraft:stone_sword":1,"minecraft:shears":1,"minecraft:iron_nugget":9,"minecraft:furnace":4,"travelersbackpack:white_sleeping_bag":3,"minecraft:iron_axe":1,"betterend:charcoal_block":5,"minecraft:stone_pickaxe":1,"minecraft:dark_oak_planks":92,"minecraft:cooked_beef":6,"minecraft:coal_block":12,"biomesoplenty:fir_boat":2,"minecraft:iron_sword":1,"minecraft:smooth_sandstone":2,"minecraft:bucket":3,"minecraft:stone_axe":1,"minecraft:bread":48,"minecraft:air":0,"minecraft:wooden_axe":1,"minecraft:iron_leggings":1,"minecraft:torch":16},"minecraft:killed":{"minecraft:skeleton":22,"minecraft:chicken":6,"minecraft:silverfish":1,"minecraft:turtle":1,"sn0wfrogs_capybaras:capybara":2,"minecraft:pig":6,"minecraft:sheep":8,"minecraft:pillager":16,"minecraft:goat":1,"minecraft:zombie":15,"minecraft:cow":16,"minecraft:vindicator":2,"minecraft:horse":3,"minecraft:drowned":1,"minecraft:bat":1,"minecraft:polar_bear":1,"minecraft:player":1},"minecraft:used":{"minecraft:moss_carpet":1,"minecraft:ladder":2,"minecraft:decorated_pot":18,"minecraft:shield":67,"minecraft:iron_sword":190,"minecraft:rotten_flesh":29,"minecraft:carrot":1,"minecraft:lava_bucket":7,"minecraft:stone_brick_stairs":7,"minecraft:bow":37,"minecraft:furnace":7,"minecraft:cooked_cod":1,"minecraft:dark_prismarine_stairs":1,"minecraft:stone_pickaxe":253,"minecraft:wooden_pickaxe":15,"biomesoplenty:fir_planks":4,"biomesoplenty:fir_boat":21,"minecraft:sand":2,"minecraft:crossbow":6,"minecraft:deepslate_tiles":2,"minecraft:diamond":8,"minecraft:bread":72,"minecraft:andesite":3,"minecraft:stone_sword":27,"minecraft:dried_kelp":1,"minecraft:cooked_chicken":8,"minecraft:torch":85,"minecraft:dirt":16,"minecraft:wooden_axe":1,"minecraft:dark_oak_planks":66,"minecraft:iron_axe":131,"minecraft:iron_boots":1,"minecraft:cooked_beef":9,"minecraft:cooked_mutton":4,"minecraft:water_bucket":95,"minecraft:salmon":2,"minecraft:crafting_table":7,"minecraft:book":7,"minecraft:apple":3,"minecraft:iron_pickaxe":333,"travelersbackpack:white_sleeping_bag":7,"biomesoplenty:toadstool":1,"minecraft:stone_axe":10,"minecraft:cobblestone":151,"minecraft:potion":4,"travelersbackpack:standard":34,"minecraft:white_banner":1,"minecraft:cooked_porkchop":9,"minecraft:bucket":112}},"DataVersion":3700}