{"stats":{"minecraft:used":{"minecraft:moss_carpet":10,"minecraft:stone_sword":25,"minecraft:iron_shovel":3,"minecraft:poppy":1,"minecraft:chest":2,"minecraft:shield":22,"minecraft:iron_sword":98,"minecraft:iron_chestplate":1,"minecraft:torch":17,"minecraft:dirt":11,"minecraft:lava_bucket":1,"minecraft:iron_axe":35,"minecraft:grass_block":20,"minecraft:iron_helmet":1,"minecraft:iron_boots":1,"minecraft:furnace":6,"minecraft:skeleton_skull":1,"minecraft:egg":1,"minecraft:cooked_beef":11,"minecraft:iron_leggings":1,"minecraft:cooked_mutton":4,"minecraft:water_bucket":1,"minecraft:stone_pickaxe":255,"minecraft:wooden_pickaxe":1,"biomesoplenty:fir_planks":9,"biomesoplenty:fir_boat":13,"minecraft:spruce_sign":2,"minecraft:crafting_table":3,"minecraft:bread":36,"minecraft:iron_pickaxe":94,"travelersbackpack:white_sleeping_bag":9,"minecraft:lectern":1,"minecraft:spruce_sapling":1,"biomesoplenty:toadstool":3,"minecraft:stone_axe":2,"travelersbackpack:standard":21,"minecraft:cobblestone":74,"minecraft:smithing_table":1,"minecraft:andesite":1,"minecraft:bucket":7,"minecraft:birch_log":1,"biomesoplenty:fir_log":2},"minecraft:broken":{"minecraft:stone_pickaxe":1,"minecraft:iron_axe":1},"minecraft:dropped":{"biomesoplenty:fir_log":2,"minecraft:water_bucket":1,"minecraft:iron_ingot":19,"minecraft:wheat_seeds":37,"minecraft:cooked_beef":15,"minecraft:diamond":2,"minecraft:crafting_table":5,"minecraft:cooked_porkchop":12,"biomesoplenty:fir_boat":1,"minecraft:feather":2,"minecraft:cobblestone":11,"travelersbackpack:standard":6,"minecraft:coal":1,"biomesoplenty:fir_sapling":3,"minecraft:dispenser":1,"minecraft:lodestone":2,"minecraft:sand":10,"minecraft:iron_axe":1,"minecraft:smooth_stone":1,"minecraft:iron_shovel":1,"minecraft:white_wool":1,"minecraft:stone_axe":3,"minecraft:kelp":5,"minecraft:cooked_chicken":2,"minecraft:stone_sword":6,"biomesoplenty:yellow_maple_sapling":42,"minecraft:rotten_flesh":4,"minecraft:light_gray_wool":4,"minecraft:cooked_mutton":2,"minecraft:tipped_arrow":1,"minecraft:sea_pickle":2,"biomesoplenty:fir_planks":4,"travelersbackpack:white_sleeping_bag":1,"minecraft:slime_ball":3,"minecraft:spruce_log":6,"minecraft:arrow":6,"minecraft:purple_candle":1,"minecraft:stone_pickaxe":3,"minecraft:black_wool":1},"minecraft:picked_up":{"minecraft:charcoal":4,"minecraft:crafting_table":8,"minecraft:wheat":7,"minecraft:smithing_table":1,"minecraft:wooden_pickaxe":1,"regions_unexplored:tall_hyacinth_stock":18,"minecraft:moss_carpet":10,"minecraft:iron_axe":1,"minecraft:iron_shovel":1,"minecraft:sea_pickle":2,"minecraft:smooth_stone":1,"minecraft:bucket":1,"minecraft:beef":15,"minecraft:poppy":1,"minecraft:light_gray_wool":5,"minecraft:lectern":1,"minecraft:furnace":8,"minecraft:egg":1,"minecraft:stick":39,"minecraft:raw_iron":116,"minecraft:torch":5,"minecraft:porkchop":20,"minecraft:purple_candle":1,"minecraft:stone_sword":5,"minecraft:arrow":15,"minecraft:rotten_flesh":5,"minecraft:hay_block":12,"minecraft:gold_ingot":32,"minecraft:mutton":4,"minecraft:skeleton_skull":1,"minecraft:white_wool":8,"minecraft:cobblestone":120,"minecraft:birch_log":1,"minecraft:magma_block":1,"minecraft:feather":2,"minecraft:cooked_beef":13,"minecraft:andesite":1,"minecraft:leather":30,"biomesoplenty:fir_sapling":34,"biomesoplenty:fir_log":229,"minecraft:dirt":31,"minecraft:lantern":2,"minecraft:cooked_mutton":6,"minecraft:smooth_sandstone":2,"minecraft:glass":6,"minecraft:bone":17,"minecraft:kelp":5,"minecraft:stonecutter":1,"minecraft:wheat_seeds":56,"biomesoplenty:fir_boat":15,"minecraft:stone_pickaxe":2,"minecraft:iron_ingot":45,"minecraft:cooked_chicken":2,"biomesoplenty:toadstool":3,"minecraft:cooked_porkchop":10,"minecraft:pumpkin":16,"minecraft:sand":203,"minecraft:spruce_sapling":1,"minecraft:spruce_log":6,"travelersbackpack:white_sleeping_bag":12,"travelersbackpack:standard":6,"minecraft:dispenser":1,"biomesoplenty:yellow_maple_sapling":42,"minecraft:slime_ball":6,"minecraft:diamond":2,"minecraft:stone_axe":2,"minecraft:spruce_sign":3,"minecraft:emerald":7,"minecraft:lodestone":2,"minecraft:black_wool":2,"minecraft:coal":156},"minecraft:killed_by":{"minecraft:skeleton":1},"minecraft:killed":{"minecraft:skeleton":10,"minecraft:horse":5,"minecraft:chicken":2,"minecraft:pig":10,"minecraft:creeper":1,"minecraft:polar_bear":2,"minecraft:zombie":4,"minecraft:cow":7},"minecraft:mined":{"minecraft:dark_oak_log":1,"minecraft:grass_block":1,"minecraft:spruce_fence":1,"travelersbackpack:white_sleeping_bag":8,"minecraft:spruce_leaves":1,"minecraft:moss_block":1,"minecraft:sandstone":9,"minecraft:hay_block":12,"minecraft:magma_block":1,"minecraft:furnace":8,"biomesoplenty:toadstool":2,"minecraft:iron_ore":116,"minecraft:andesite":1,"minecraft:pumpkin":16,"minecraft:moss_carpet":9,"minecraft:spruce_wood":4,"minecraft:stone":42,"minecraft:smithing_table":1,"regions_unexplored:tall_hyacinth_stock":6,"minecraft:kelp_plant":2,"minecraft:crafting_table":5,"minecraft:torch":3,"minecraft:short_grass":52,"minecraft:emerald_ore":6,"oregrowth:ore_growth":6,"minecraft:campfire":3,"minecraft:spruce_wall_sign":1,"minecraft:cobblestone":21,"minecraft:skeleton_skull":1,"minecraft:seagrass":1,"minecraft:birch_log":237,"minecraft:ice":1,"minecraft:spruce_log":7,"biomesoplenty:fir_log":163,"minecraft:coal_ore":133,"minecraft:sand":6,"minecraft:dirt":2,"minecraft:lodestone":1,"minecraft:stonecutter":1},"minecraft:crafted":{"minecraft:cooked_chicken":2,"minecraft:furnace":1,"travelersbackpack:blank_upgrade":4,"travelersbackpack:gold_tier_upgrade":1,"minecraft:glass":75,"minecraft:iron_boots":1,"minecraft:iron_axe":2,"minecraft:stone_pickaxe":2,"minecraft:chest":6,"minecraft:wheat":108,"minecraft:cooked_beef":14,"travelersbackpack:iron_tier_upgrade":3,"minecraft:cooked_porkchop":6,"minecraft:crafting_table":1,"travelersbackpack:backpack_tank":8,"minecraft:iron_helmet":1,"travelersbackpack:standard":7,"minecraft:iron_sword":1,"minecraft:smithing_table":1,"minecraft:bucket":1,"minecraft:stone_axe":1,"minecraft:bread":38,"minecraft:air":0,"biomesoplenty:fir_planks":76,"minecraft:iron_chestplate":1,"minecraft:shield":1,"minecraft:stick":12,"minecraft:iron_ingot":139,"minecraft:iron_pickaxe":1,"minecraft:gold_ingot":1,"minecraft:stone_sword":1,"minecraft:iron_leggings":1,"minecraft:iron_shovel":1,"minecraft:torch":12},"minecraft:custom":{"minecraft:interact_with_smithing_table":9,"minecraft:mob_kills":42,"minecraft:interact_with_crafting_table":56,"minecraft:open_barrel":12,"minecraft:interact_with_campfire":27,"minecraft:leave_game":8,"minecraft:time_since_death":13926,"minecraft:climb_one_cm":3125,"minecraft:sprint_one_cm":450371,"minecraft:walk_one_cm":553499,"minecraft:damage_blocked_by_shield":771,"minecraft:drop":88,"minecraft:damage_dealt_absorbed":60,"minecraft:play_time":255081,"minecraft:deaths":4,"minecraft:sneak_time":7898,"minecraft:walk_under_water_one_cm":48620,"minecraft:boat_one_cm":407878,"minecraft:interact_with_lectern":10,"minecraft:jump":4430,"minecraft:walk_on_water_one_cm":23446,"minecraft:total_world_time":255081,"minecraft:interact_with_furnace":218,"minecraft:interact_with_loom":3,"minecraft:interact_with_stonecutter":1,"minecraft:sleep_in_bed":15,"minecraft:time_since_rest":13953,"minecraft:damage_taken":3467,"minecraft:damage_dealt":6276,"minecraft:swim_one_cm":90143,"minecraft:fly_one_cm":806567,"minecraft:open_chest":44,"minecraft:crouch_one_cm":18987,"minecraft:fall_one_cm":106046}},"DataVersion":3700}