{"stats":{"minecraft:custom":{"minecraft:jump":124,"minecraft:time_since_rest":4931,"minecraft:leave_game":1,"minecraft:sprint_one_cm":10446,"minecraft:play_time":4931,"minecraft:time_since_death":4931,"minecraft:walk_one_cm":9036,"minecraft:sneak_time":15,"minecraft:total_world_time":4931,"minecraft:fall_one_cm":209,"minecraft:fly_one_cm":21753},"minecraft:used":{"biomesoplenty:fir_log":2,"minecraft:dirt":8,"minecraft:grass_block":20},"minecraft:picked_up":{"biomesoplenty:fir_log":160,"minecraft:stick":35,"minecraft:rotten_flesh":1,"minecraft:wheat_seeds":1,"minecraft:dirt":14,"biomesoplenty:fir_sapling":31},"minecraft:mined":{"biomesoplenty:fir_log":159}},"DataVersion":3700}