{"stats":{"minecraft:used":{"minecraft:stone_sword":25,"minecraft:iron_shovel":3,"minecraft:chest":2,"minecraft:shield":10,"minecraft:iron_sword":27,"minecraft:iron_chestplate":1,"minecraft:torch":4,"minecraft:dirt":11,"minecraft:grass_block":20,"minecraft:iron_axe":13,"minecraft:iron_helmet":1,"minecraft:iron_boots":1,"minecraft:furnace":4,"minecraft:egg":1,"minecraft:cooked_beef":8,"minecraft:iron_leggings":1,"minecraft:cooked_mutton":3,"minecraft:stone_pickaxe":255,"minecraft:wooden_pickaxe":1,"biomesoplenty:fir_planks":1,"biomesoplenty:fir_boat":4,"minecraft:crafting_table":3,"minecraft:bread":2,"minecraft:iron_pickaxe":36,"travelersbackpack:white_sleeping_bag":9,"biomesoplenty:toadstool":3,"minecraft:stone_axe":2,"minecraft:cobblestone":10,"travelersbackpack:standard":3,"minecraft:andesite":1,"minecraft:birch_log":1,"minecraft:bucket":3,"biomesoplenty:fir_log":2},"minecraft:broken":{"minecraft:stone_pickaxe":1},"minecraft:dropped":{"biomesoplenty:fir_log":2,"minecraft:water_bucket":1,"minecraft:iron_ingot":4,"minecraft:wheat_seeds":24,"minecraft:cooked_beef":8,"minecraft:diamond":2,"minecraft:crafting_table":3,"minecraft:cooked_porkchop":3,"biomesoplenty:fir_boat":1,"travelersbackpack:standard":2,"minecraft:coal":1,"biomesoplenty:fir_sapling":3,"minecraft:dispenser":1,"minecraft:iron_axe":1,"minecraft:sand":10,"minecraft:iron_shovel":1,"minecraft:stone_axe":1,"minecraft:stone_sword":2,"minecraft:rotten_flesh":3,"minecraft:light_gray_wool":2,"minecraft:tipped_arrow":1,"biomesoplenty:fir_planks":4,"travelersbackpack:white_sleeping_bag":1,"minecraft:spruce_log":6,"minecraft:arrow":4,"minecraft:stone_pickaxe":1},"minecraft:picked_up":{"minecraft:crafting_table":7,"minecraft:wheat":7,"minecraft:wooden_pickaxe":1,"minecraft:iron_axe":1,"minecraft:iron_shovel":1,"minecraft:bucket":1,"minecraft:beef":15,"minecraft:light_gray_wool":3,"minecraft:furnace":5,"minecraft:egg":1,"minecraft:raw_iron":116,"minecraft:stick":39,"minecraft:torch":5,"minecraft:porkchop":1,"minecraft:stone_sword":2,"minecraft:arrow":6,"minecraft:rotten_flesh":4,"minecraft:hay_block":4,"minecraft:gold_ingot":29,"minecraft:cobblestone":37,"minecraft:white_wool":7,"minecraft:birch_log":1,"minecraft:cooked_beef":3,"minecraft:andesite":1,"minecraft:leather":18,"biomesoplenty:fir_sapling":34,"biomesoplenty:fir_log":229,"minecraft:dirt":31,"minecraft:lantern":1,"minecraft:cooked_mutton":3,"minecraft:smooth_sandstone":2,"minecraft:glass":6,"minecraft:bone":4,"minecraft:wheat_seeds":42,"biomesoplenty:fir_boat":6,"minecraft:iron_ingot":34,"biomesoplenty:toadstool":3,"minecraft:sand":203,"minecraft:spruce_log":6,"travelersbackpack:white_sleeping_bag":12,"minecraft:dispenser":1,"minecraft:diamond":2,"minecraft:stone_axe":1,"minecraft:emerald":1,"minecraft:black_wool":1,"minecraft:coal":135},"minecraft:killed":{"minecraft:skeleton":4,"minecraft:chicken":1,"minecraft:pig":2,"minecraft:creeper":1,"minecraft:zombie":3,"minecraft:cow":7},"minecraft:mined":{"minecraft:dark_oak_log":1,"minecraft:grass_block":1,"travelersbackpack:white_sleeping_bag":8,"minecraft:moss_block":1,"minecraft:sandstone":9,"minecraft:hay_block":4,"minecraft:furnace":5,"biomesoplenty:toadstool":2,"minecraft:iron_ore":116,"minecraft:andesite":1,"minecraft:spruce_wood":4,"minecraft:stone":29,"minecraft:crafting_table":4,"minecraft:torch":3,"minecraft:short_grass":1,"minecraft:emerald_ore":1,"oregrowth:ore_growth":6,"minecraft:cobblestone":9,"minecraft:birch_log":237,"minecraft:spruce_log":7,"biomesoplenty:fir_log":163,"minecraft:coal_ore":112,"minecraft:sand":6,"minecraft:dirt":2},"minecraft:crafted":{"minecraft:cooked_chicken":2,"minecraft:furnace":1,"travelersbackpack:blank_upgrade":4,"travelersbackpack:gold_tier_upgrade":1,"minecraft:glass":75,"minecraft:iron_boots":1,"minecraft:iron_axe":1,"minecraft:stone_pickaxe":2,"minecraft:chest":6,"minecraft:wheat":36,"minecraft:cooked_beef":14,"travelersbackpack:iron_tier_upgrade":3,"minecraft:cooked_porkchop":6,"minecraft:crafting_table":1,"travelersbackpack:backpack_tank":8,"minecraft:iron_helmet":1,"travelersbackpack:standard":3,"minecraft:iron_sword":1,"minecraft:smithing_table":1,"minecraft:bucket":1,"minecraft:stone_axe":1,"minecraft:bread":14,"minecraft:air":0,"biomesoplenty:fir_planks":68,"minecraft:iron_chestplate":1,"minecraft:shield":1,"minecraft:stick":12,"minecraft:iron_ingot":57,"minecraft:iron_pickaxe":1,"minecraft:stone_sword":1,"minecraft:iron_shovel":1,"minecraft:iron_leggings":1,"minecraft:torch":12},"minecraft:custom":{"minecraft:mob_kills":18,"minecraft:interact_with_crafting_table":55,"minecraft:leave_game":4,"minecraft:time_since_death":89636,"minecraft:sprint_one_cm":177064,"minecraft:walk_one_cm":307464,"minecraft:damage_blocked_by_shield":385,"minecraft:drop":39,"minecraft:damage_dealt_absorbed":60,"minecraft:play_time":127160,"minecraft:deaths":1,"minecraft:sneak_time":5973,"minecraft:walk_under_water_one_cm":29652,"minecraft:boat_one_cm":125737,"minecraft:jump":2084,"minecraft:walk_on_water_one_cm":7770,"minecraft:total_world_time":127160,"minecraft:interact_with_furnace":136,"minecraft:sleep_in_bed":8,"minecraft:time_since_rest":5778,"minecraft:damage_taken":1127,"minecraft:damage_dealt":2305,"minecraft:swim_one_cm":6473,"minecraft:fly_one_cm":295426,"minecraft:open_chest":32,"minecraft:crouch_one_cm":14571,"minecraft:fall_one_cm":47422}},"DataVersion":3700}