{"stats":{"minecraft:used":{"minecraft:moss_carpet":4,"minecraft:stone_sword":25,"minecraft:iron_shovel":3,"minecraft:poppy":1,"minecraft:chest":2,"minecraft:shield":20,"minecraft:iron_sword":79,"minecraft:iron_chestplate":1,"minecraft:torch":16,"minecraft:dirt":11,"minecraft:lava_bucket":1,"minecraft:iron_axe":15,"minecraft:grass_block":20,"minecraft:iron_helmet":1,"minecraft:iron_boots":1,"minecraft:furnace":4,"minecraft:skeleton_skull":1,"minecraft:egg":1,"minecraft:cooked_beef":8,"minecraft:iron_leggings":1,"minecraft:cooked_mutton":3,"minecraft:water_bucket":1,"minecraft:stone_pickaxe":255,"minecraft:wooden_pickaxe":1,"biomesoplenty:fir_planks":9,"biomesoplenty:fir_boat":5,"minecraft:spruce_sign":2,"minecraft:crafting_table":3,"minecraft:bread":23,"minecraft:iron_pickaxe":69,"travelersbackpack:white_sleeping_bag":9,"minecraft:lectern":1,"minecraft:spruce_sapling":1,"biomesoplenty:toadstool":3,"minecraft:stone_axe":2,"travelersbackpack:standard":16,"minecraft:cobblestone":45,"minecraft:smithing_table":1,"minecraft:andesite":1,"minecraft:bucket":7,"minecraft:birch_log":1,"biomesoplenty:fir_log":2},"minecraft:broken":{"minecraft:stone_pickaxe":1,"minecraft:iron_axe":1},"minecraft:dropped":{"biomesoplenty:fir_log":2,"minecraft:water_bucket":1,"minecraft:iron_ingot":4,"minecraft:wheat_seeds":31,"minecraft:cooked_beef":8,"minecraft:diamond":2,"minecraft:crafting_table":5,"minecraft:cooked_porkchop":3,"biomesoplenty:fir_boat":1,"minecraft:cobblestone":11,"travelersbackpack:standard":6,"minecraft:coal":1,"biomesoplenty:fir_sapling":3,"minecraft:dispenser":1,"minecraft:lodestone":2,"minecraft:sand":10,"minecraft:iron_axe":1,"minecraft:iron_shovel":1,"minecraft:white_wool":1,"minecraft:stone_axe":3,"minecraft:stone_sword":4,"minecraft:rotten_flesh":4,"minecraft:light_gray_wool":2,"minecraft:tipped_arrow":1,"minecraft:sea_pickle":2,"biomesoplenty:fir_planks":4,"travelersbackpack:white_sleeping_bag":1,"minecraft:spruce_log":6,"minecraft:arrow":4,"minecraft:purple_candle":1,"minecraft:stone_pickaxe":1,"minecraft:black_wool":1},"minecraft:picked_up":{"minecraft:crafting_table":7,"minecraft:wheat":7,"minecraft:smithing_table":1,"minecraft:wooden_pickaxe":1,"minecraft:moss_carpet":4,"minecraft:iron_axe":1,"minecraft:iron_shovel":1,"minecraft:sea_pickle":2,"minecraft:bucket":1,"minecraft:beef":15,"minecraft:poppy":1,"minecraft:light_gray_wool":3,"minecraft:lectern":1,"minecraft:furnace":5,"minecraft:egg":1,"minecraft:stick":39,"minecraft:raw_iron":116,"minecraft:torch":5,"minecraft:porkchop":14,"minecraft:purple_candle":1,"minecraft:stone_sword":3,"minecraft:arrow":15,"minecraft:rotten_flesh":5,"minecraft:hay_block":12,"minecraft:gold_ingot":29,"minecraft:mutton":3,"minecraft:cobblestone":49,"minecraft:skeleton_skull":1,"minecraft:white_wool":8,"minecraft:birch_log":1,"minecraft:cooked_beef":3,"minecraft:andesite":1,"minecraft:leather":30,"biomesoplenty:fir_sapling":34,"biomesoplenty:fir_log":229,"minecraft:dirt":31,"minecraft:lantern":2,"minecraft:cooked_mutton":3,"minecraft:smooth_sandstone":2,"minecraft:glass":6,"minecraft:bone":17,"minecraft:stonecutter":1,"minecraft:wheat_seeds":49,"biomesoplenty:fir_boat":7,"minecraft:iron_ingot":34,"biomesoplenty:toadstool":3,"minecraft:sand":203,"minecraft:spruce_sapling":1,"minecraft:spruce_log":6,"travelersbackpack:white_sleeping_bag":12,"travelersbackpack:standard":4,"minecraft:dispenser":1,"minecraft:diamond":2,"minecraft:stone_axe":2,"minecraft:spruce_sign":2,"minecraft:emerald":6,"minecraft:lodestone":2,"minecraft:black_wool":2,"minecraft:coal":150},"minecraft:killed":{"minecraft:skeleton":10,"minecraft:horse":5,"minecraft:chicken":2,"minecraft:pig":8,"minecraft:creeper":1,"minecraft:zombie":4,"minecraft:cow":7},"minecraft:mined":{"minecraft:dark_oak_log":1,"minecraft:grass_block":1,"minecraft:spruce_fence":1,"travelersbackpack:white_sleeping_bag":8,"minecraft:spruce_leaves":1,"minecraft:moss_block":1,"minecraft:sandstone":9,"minecraft:hay_block":12,"minecraft:furnace":5,"biomesoplenty:toadstool":2,"minecraft:iron_ore":116,"minecraft:andesite":1,"minecraft:moss_carpet":3,"minecraft:spruce_wood":4,"minecraft:stone":39,"minecraft:smithing_table":1,"minecraft:crafting_table":4,"minecraft:torch":3,"minecraft:short_grass":12,"minecraft:emerald_ore":5,"oregrowth:ore_growth":6,"minecraft:spruce_wall_sign":1,"minecraft:cobblestone":11,"minecraft:skeleton_skull":1,"minecraft:birch_log":237,"minecraft:spruce_log":7,"biomesoplenty:fir_log":163,"minecraft:coal_ore":127,"minecraft:sand":6,"minecraft:dirt":2,"minecraft:lodestone":1,"minecraft:stonecutter":1},"minecraft:crafted":{"minecraft:cooked_chicken":2,"minecraft:furnace":1,"travelersbackpack:blank_upgrade":4,"travelersbackpack:gold_tier_upgrade":1,"minecraft:glass":75,"minecraft:iron_boots":1,"minecraft:iron_axe":2,"minecraft:stone_pickaxe":2,"minecraft:chest":6,"minecraft:wheat":108,"minecraft:cooked_beef":14,"travelersbackpack:iron_tier_upgrade":3,"minecraft:cooked_porkchop":6,"minecraft:crafting_table":1,"travelersbackpack:backpack_tank":8,"minecraft:iron_helmet":1,"travelersbackpack:standard":7,"minecraft:iron_sword":1,"minecraft:smithing_table":1,"minecraft:bucket":1,"minecraft:stone_axe":1,"minecraft:bread":38,"minecraft:air":0,"biomesoplenty:fir_planks":76,"minecraft:iron_chestplate":1,"minecraft:shield":1,"minecraft:stick":12,"minecraft:iron_ingot":57,"minecraft:iron_pickaxe":1,"minecraft:stone_sword":1,"minecraft:iron_leggings":1,"minecraft:iron_shovel":1,"minecraft:torch":12},"minecraft:custom":{"minecraft:interact_with_smithing_table":9,"minecraft:mob_kills":38,"minecraft:interact_with_crafting_table":55,"minecraft:open_barrel":10,"minecraft:leave_game":6,"minecraft:time_since_death":30977,"minecraft:climb_one_cm":3125,"minecraft:sprint_one_cm":318278,"minecraft:walk_one_cm":430884,"minecraft:damage_blocked_by_shield":765,"minecraft:drop":60,"minecraft:damage_dealt_absorbed":60,"minecraft:play_time":185789,"minecraft:deaths":2,"minecraft:sneak_time":6851,"minecraft:walk_under_water_one_cm":30448,"minecraft:boat_one_cm":183738,"minecraft:interact_with_lectern":10,"minecraft:jump":3472,"minecraft:walk_on_water_one_cm":10073,"minecraft:total_world_time":185789,"minecraft:interact_with_furnace":136,"minecraft:interact_with_loom":3,"minecraft:interact_with_stonecutter":1,"minecraft:sleep_in_bed":12,"minecraft:time_since_rest":7446,"minecraft:damage_taken":2147,"minecraft:damage_dealt":5163,"minecraft:swim_one_cm":6473,"minecraft:fly_one_cm":551771,"minecraft:open_chest":44,"minecraft:crouch_one_cm":16935,"minecraft:fall_one_cm":77339}},"DataVersion":3700}