{"stats":{"minecraft:dropped":{"biomesoplenty:fir_log":2,"minecraft:iron_sword":1,"minecraft:brown_mushroom":1,"minecraft:cooked_beef":15,"minecraft:crafting_table":5,"legacies_and_legends:wooden_bucket":1,"minecraft:glass_bottle":2,"minecraft:diamond":2,"regions_unexplored:larch_planks":4,"minecraft:cooked_porkchop":12,"minecraft:decorated_pot":9,"biomesoplenty:mahogany_planks":12,"minecraft:leather":2,"minecraft:jungle_planks":2,"travelersbackpack:standard":6,"biomesoplenty:fir_sapling":3,"minecraft:red_bed":1,"minecraft:dispenser":1,"minecraft:sand":10,"minecraft:white_wool":15,"minecraft:bone":24,"minecraft:stone_axe":3,"minecraft:sugar_cane":5,"hangglider:hang_glider":2,"minecraft:iron_nugget":2,"minecraft:cooked_chicken":2,"minecraft:rotten_flesh":89,"regions_unexplored:larch_sapling":4,"minecraft:cooked_mutton":2,"minecraft:rabbit_foot":1,"travelersbackpack:gold_tier_upgrade":4,"minecraft:tipped_arrow":1,"travelersbackpack:white_sleeping_bag":1,"minecraft:spruce_slab":2,"minecraft:arrow":6,"minecraft:water_bucket":1,"minecraft:iron_ingot":19,"minecraft:wheat_seeds":47,"biomesoplenty:fir_boat":1,"minecraft:feather":5,"minecraft:cobblestone":12,"minecraft:spruce_stairs":1,"minecraft:coal":4,"minecraft:stick":3,"minecraft:iron_block":9,"minecraft:gray_wool":2,"minecraft:lodestone":2,"minecraft:potion":3,"minecraft:green_carpet":1,"minecraft:iron_axe":1,"minecraft:smooth_stone":1,"minecraft:iron_shovel":1,"minecraft:paper":16,"minecraft:string":4,"minecraft:kelp":5,"minecraft:stone_sword":6,"minecraft:smooth_stone_slab":2,"minecraft:bowl":1,"biomesoplenty:yellow_maple_sapling":42,"minecraft:light_gray_wool":4,"biomesoplenty:fir_planks":4,"minecraft:flower_pot":1,"minecraft:sea_pickle":2,"minecraft:spruce_planks":2,"minecraft:mossy_stone_bricks":1,"minecraft:stone_bricks":6,"minecraft:slime_ball":3,"minecraft:spruce_log":6,"minecraft:stone_pickaxe":3,"minecraft:purple_candle":1,"minecraft:black_wool":1},"minecraft:killed_by":{"minecraft:skeleton":1},"minecraft:custom":{"minecraft:interact_with_crafting_table":75,"minecraft:open_barrel":12,"minecraft:leave_game":9,"minecraft:time_since_death":59826,"minecraft:sprint_one_cm":813399,"minecraft:damage_blocked_by_shield":1570,"minecraft:drop":164,"minecraft:play_time":423104,"minecraft:deaths":7,"minecraft:jump":6760,"minecraft:walk_on_water_one_cm":62212,"minecraft:interact_with_furnace":236,"minecraft:interact_with_loom":3,"minecraft:sleep_in_bed":22,"minecraft:damage_dealt":12163,"minecraft:crouch_one_cm":25480,"minecraft:interact_with_smoker":8,"minecraft:interact_with_smithing_table":15,"minecraft:mob_kills":77,"minecraft:interact_with_campfire":27,"minecraft:climb_one_cm":15309,"minecraft:walk_one_cm":743273,"minecraft:damage_dealt_absorbed":60,"minecraft:sneak_time":10917,"minecraft:walk_under_water_one_cm":88821,"minecraft:boat_one_cm":958617,"minecraft:interact_with_lectern":10,"minecraft:interact_with_blast_furnace":6,"minecraft:total_world_time":423104,"minecraft:interact_with_stonecutter":1,"minecraft:time_since_rest":13301,"minecraft:damage_taken":5539,"minecraft:swim_one_cm":129086,"minecraft:fly_one_cm":1515748,"minecraft:open_chest":119,"minecraft:fall_one_cm":174644},"minecraft:mined":{"minecraft:spruce_planks":1,"minecraft:brewing_stand":1,"minecraft:grass_block":1,"minecraft:coal_block":8,"biomesoplenty:dried_salt":1,"minecraft:magma_block":1,"minecraft:iron_ore":124,"minecraft:fire":9,"minecraft:pumpkin":16,"minecraft:moss_carpet":9,"minecraft:spruce_wood":4,"regions_unexplored:larch_log":56,"minecraft:kelp_plant":2,"minecraft:soul_lantern":2,"minecraft:torch":3,"minecraft:blast_furnace":1,"oregrowth:ore_growth":6,"minecraft:spruce_wall_sign":1,"minecraft:cobblestone":21,"minecraft:damaged_anvil":1,"minecraft:skeleton_skull":1,"minecraft:seagrass":1,"minecraft:birch_log":237,"biomesoplenty:fir_log":163,"minecraft:wither_rose":12,"minecraft:stone_brick_stairs":1,"minecraft:smooth_stone_slab":3,"minecraft:dirt":2,"minecraft:sand":6,"minecraft:stonecutter":1,"regions_unexplored:willow_leaves":1,"minecraft:dark_oak_log":1,"minecraft:spruce_fence":1,"minecraft:decorated_pot":16,"travelersbackpack:white_sleeping_bag":8,"minecraft:spruce_leaves":1,"minecraft:moss_block":1,"minecraft:sandstone":9,"minecraft:hay_block":22,"minecraft:furnace":8,"biomesoplenty:toadstool":2,"minecraft:andesite":1,"minecraft:bookshelf":41,"minecraft:lantern":10,"minecraft:stone":45,"minecraft:smithing_table":2,"regions_unexplored:tall_hyacinth_stock":6,"minecraft:brown_carpet":3,"minecraft:crafting_table":5,"minecraft:short_grass":55,"minecraft:emerald_ore":6,"biomesoplenty:mahogany_planks":12,"minecraft:campfire":3,"minecraft:ice":1,"minecraft:spruce_log":7,"minecraft:coal_ore":144,"minecraft:lodestone":1,"minecraft:cracked_stone_bricks":2,"minecraft:stone_bricks":3,"minecraft:mossy_stone_bricks":1},"minecraft:picked_up":{"minecraft:wheat":7,"regions_unexplored:larch_planks":2,"minecraft:flower_pot":1,"minecraft:smithing_table":2,"minecraft:wither_rose":12,"minecraft:potion":5,"minecraft:stone_brick_stairs":1,"minecraft:brewing_stand":1,"minecraft:string":4,"minecraft:smooth_stone_slab":3,"minecraft:sea_pickle":2,"minecraft:smooth_stone":1,"minecraft:bucket":1,"minecraft:spruce_planks":3,"regions_unexplored:larch_log":55,"minecraft:coal_block":8,"minecraft:furnace":8,"minecraft:stick":43,"minecraft:torch":6,"minecraft:spruce_stairs":1,"minecraft:porkchop":24,"minecraft:rabbit_foot":1,"minecraft:brown_carpet":3,"minecraft:stone_sword":5,"minecraft:honey_bottle":1,"minecraft:rotten_flesh":91,"minecraft:cobblestone":123,"minecraft:birch_log":1,"minecraft:magma_block":1,"minecraft:feather":5,"minecraft:cooked_beef":15,"biomesoplenty:dried_salt":1,"minecraft:andesite":1,"minecraft:potato":3,"biomesoplenty:fir_sapling":34,"biomesoplenty:fir_log":229,"travelersbackpack:gold_tier_upgrade":2,"minecraft:dirt":31,"minecraft:lantern":12,"minecraft:glass":6,"minecraft:bone":36,"minecraft:stonecutter":1,"minecraft:bow":1,"minecraft:wheat_seeds":66,"biomesoplenty:fir_boat":24,"minecraft:mossy_stone_bricks":2,"biomesoplenty:mahogany_planks":12,"biomesoplenty:toadstool":3,"minecraft:cooked_porkchop":10,"minecraft:sand":203,"minecraft:jungle_planks":2,"travelersbackpack:white_sleeping_bag":12,"minecraft:dispenser":1,"minecraft:diamond":2,"minecraft:soul_lantern":3,"minecraft:emerald":8,"minecraft:spruce_sign":3,"minecraft:bread":3,"minecraft:charcoal":4,"minecraft:crafting_table":8,"minecraft:brown_mushroom":1,"minecraft:wooden_pickaxe":1,"regions_unexplored:tall_hyacinth_stock":18,"minecraft:red_bed":1,"minecraft:moss_carpet":21,"minecraft:iron_axe":1,"minecraft:iron_shovel":1,"minecraft:cracked_stone_bricks":2,"minecraft:beef":15,"minecraft:iron_nugget":6,"minecraft:poppy":1,"minecraft:light_gray_wool":5,"minecraft:spruce_slab":2,"minecraft:lectern":1,"minecraft:sugar_cane":5,"minecraft:egg":1,"minecraft:raw_iron":124,"minecraft:bowl":1,"minecraft:carrot":1,"minecraft:purple_candle":1,"minecraft:arrow":25,"minecraft:decorated_pot":13,"minecraft:hay_block":22,"minecraft:gold_ingot":32,"minecraft:mutton":4,"minecraft:skeleton_skull":1,"minecraft:white_wool":15,"minecraft:leather":45,"legacies_and_legends:wooden_bucket":1,"minecraft:paper":8,"minecraft:cooked_mutton":6,"minecraft:smooth_sandstone":2,"minecraft:stone_bricks":8,"minecraft:kelp":5,"minecraft:iron_ingot":46,"minecraft:stone_pickaxe":2,"minecraft:cooked_chicken":2,"regions_unexplored:larch_sapling":4,"minecraft:glass_bottle":7,"minecraft:iron_sword":1,"minecraft:book":123,"minecraft:pumpkin":16,"minecraft:spruce_sapling":1,"minecraft:blast_furnace":1,"minecraft:spruce_log":6,"minecraft:green_carpet":1,"travelersbackpack:standard":6,"minecraft:slime_ball":6,"biomesoplenty:yellow_maple_sapling":42,"minecraft:stone_axe":2,"minecraft:gray_wool":2,"minecraft:lodestone":2,"minecraft:baked_potato":1,"minecraft:black_wool":2,"minecraft:coal":172},"minecraft:broken":{"minecraft:stone_pickaxe":1,"minecraft:iron_axe":1},"minecraft:crafted":{"hangglider:hang_glider":2,"minecraft:cooked_chicken":2,"regions_unexplored:larch_planks":16,"minecraft:glass":75,"minecraft:iron_boots":1,"minecraft:chest":7,"travelersbackpack:iron_tier_upgrade":3,"minecraft:cooked_porkchop":10,"minecraft:crafting_table":1,"travelersbackpack:standard":7,"minecraft:iron_helmet":1,"minecraft:smithing_table":1,"biomesoplenty:fir_planks":76,"minecraft:iron_chestplate":1,"minecraft:shield":1,"minecraft:stick":24,"minecraft:iron_ingot":157,"minecraft:iron_pickaxe":1,"minecraft:iron_block":11,"minecraft:stone_sword":1,"minecraft:gold_ingot":1,"hangglider:glider_framework":2,"minecraft:coal":99,"minecraft:furnace":1,"hangglider:glider_wing":4,"travelersbackpack:blank_upgrade":8,"travelersbackpack:gold_tier_upgrade":3,"minecraft:iron_axe":2,"minecraft:stone_pickaxe":2,"minecraft:wheat":198,"minecraft:cooked_beef":14,"minecraft:coal_block":14,"travelersbackpack:backpack_tank":10,"minecraft:iron_sword":3,"minecraft:bucket":1,"minecraft:stone_axe":1,"minecraft:bread":77,"minecraft:air":0,"minecraft:iron_shovel":1,"minecraft:iron_leggings":1,"minecraft:torch":12},"minecraft:killed":{"minecraft:spider":1,"minecraft:skeleton":20,"minecraft:chicken":2,"minecraft:pig":13,"minecraft:creeper":1,"minecraft:pillager":1,"minecraft:zombie":22,"minecraft:cow":7,"minecraft:horse":5,"minecraft:bat":1,"minecraft:polar_bear":2},"minecraft:used":{"minecraft:moss_carpet":21,"minecraft:iron_shovel":3,"minecraft:poppy":1,"minecraft:shield":38,"minecraft:decorated_pot":4,"minecraft:chest":2,"minecraft:iron_sword":226,"minecraft:iron_chestplate":1,"minecraft:lava_bucket":1,"minecraft:lantern":11,"minecraft:grass_block":20,"minecraft:iron_helmet":1,"minecraft:stone_brick_stairs":1,"minecraft:stone_bricks":2,"minecraft:magma_block":1,"minecraft:brown_carpet":1,"minecraft:furnace":9,"minecraft:skeleton_skull":1,"minecraft:egg":1,"minecraft:mossy_stone_bricks":1,"minecraft:stone_pickaxe":255,"minecraft:wooden_pickaxe":1,"biomesoplenty:fir_planks":9,"biomesoplenty:fir_boat":22,"minecraft:bread":76,"minecraft:lectern":1,"minecraft:soul_lantern":3,"biomesoplenty:dried_salt":1,"minecraft:smithing_table":2,"minecraft:birch_log":1,"minecraft:andesite":1,"minecraft:stone_sword":25,"minecraft:spruce_planks":1,"minecraft:torch":18,"minecraft:dirt":11,"minecraft:iron_axe":91,"minecraft:iron_boots":1,"minecraft:cooked_beef":13,"minecraft:iron_leggings":1,"minecraft:cooked_mutton":4,"minecraft:water_bucket":5,"minecraft:baked_potato":1,"minecraft:spruce_sign":2,"minecraft:cracked_stone_bricks":2,"minecraft:crafting_table":4,"minecraft:iron_pickaxe":149,"travelersbackpack:white_sleeping_bag":9,"minecraft:spruce_sapling":1,"biomesoplenty:toadstool":3,"minecraft:stone_axe":2,"minecraft:cobblestone":118,"travelersbackpack:standard":37,"minecraft:bucket":11,"biomesoplenty:fir_log":2}},"DataVersion":3700}